identifier;clientType;productName;testDuration;leadCount;period;installments;plan;isActive;isCoupon;valueToPay;webhookUrl
IVDZ987LK6IW;LOWTICKET;ChatFunnel;30;5000;MONTHLY;0;PREMIUM;TRUE;TRUE;0;
BN6SUED6RR99;LOWTICKET;ChatFunnel;30;5000;MONTHLY;0;PREMIUM;TRUE;TRUE;0;
ST4HVIJWRLJB;LOWTICKET;ChatFunnel;30;5000;MONTHLY;0;PREMIUM;TRUE;TRUE;0;
SYL4SNYKL4BW;LOWTICKET;ChatFunnel;30;5000;MONTHLY;0;PREMIUM;TRUE;TRUE;0;
advanced-997;LOWTICKET;ChatFunnel;0;15000;MONTHLY;0;ADVANCED;TRUE;FALSE;0;
PRO30D;LOWTICKET;ChatFunnel Pro;30;5000;MONTHLY;0;PREMIUM;TRUE;FALSE;0;
PRO_DESC200;LOWTICKET;ChatFunnel PRO - Desconto nos primeiros 3 meses;0;5000;MONTHLY;1;PREMIUM;TRUE;FALSE;29700;
ADVANCED_DESC200;LOWTICKET;ChatFunnel Advanced - Desconto nos primeiros 3 meses;0;15000;MONTHLY;1;ADVANCED;TRUE;FALSE;79700;
76JN2O8G48UR;LOWTICKET;ChatFunnel;30;5000;MONTHLY;0;PREMIUM;TRUE;TRUE;0;
plano-pro;LOWTICKET;ChatFunnel;0;5000;MONTHLY;0;PREMIUM;TRUE;FALSE;49700;
NHE4VKJNIKLD;LOWTICKET;ChatFunnel;30;5000;MONTHLY;0;PREMIUM;TRUE;TRUE;0;
pro-trial-14-anual;LOWTICKET;ChatFunnel PRO;14;5000;YEARLY;0;PREMIUM;TRUE;FALSE;0;
pro-trial-7-monthly;LOWTICKET;ChatFunnel PRO;7;5000;MONTHLY;0;PREMIUM;TRUE;FALSE;0;
ZOCOGU8E3BRZ;LOWTICKET;ChatFunnel;30;5000;MONTHLY;0;PREMIUM;TRUE;TRUE;0;
JNJQXJ9OMVR4;LOWTICKET;ChatFunnel;30;5000;MONTHLY;0;PREMIUM;TRUE;TRUE;0;
ZJAUVEJU6AGT;LOWTICKET;ChatFunnel;30;5000;MONTHLY;0;PREMIUM;TRUE;TRUE;0;
SPPMI0CPUVVQ;LOWTICKET;ChatFunnel;30;5000;MONTHLY;0;PREMIUM;TRUE;TRUE;0;
BYALEVG7AHYF;LOWTICKET;ChatFunnel;30;5000;MONTHLY;0;PREMIUM;TRUE;TRUE;0;
AJLJ07LITDTJ;LOWTICKET;ChatFunnel;30;5000;MONTHLY;0;PREMIUM;TRUE;TRUE;0;
YDUKGEHHBOZN;LOWTICKET;ChatFunnel;30;5000;MONTHLY;0;PREMIUM;TRUE;TRUE;0;
AL9NOH1KLLCH;LOWTICKET;ChatFunnel;30;5000;MONTHLY;0;PREMIUM;TRUE;TRUE;0;
monthly-pro-5k-leticia;LOWTICKET;ChatFunnel;0;5000;MONTHLY;0;PREMIUM;TRUE;FALSE;49700;
monthly-pro-15k-leticia;LOWTICKET;ChatFunnel;0;15000;MONTHLY;0;PREMIUM;TRUE;FALSE;79700;
yearly-pro-5k-leticia;LOWTICKET;ChatFunnel;0;5000;YEARLY;0;PREMIUM;TRUE;FALSE;397600;
yearly-pro-15k-leticia;LOWTICKET;ChatFunnel;0;15000;YEARLY;0;PREMIUM;TRUE;FALSE;637600;
monthly-pro-5k-alex;LOWTICKET;ChatFunnel;0;5000;MONTHLY;0;PREMIUM;TRUE;FALSE;49700;
monthly-pro-15k-alex;LOWTICKET;ChatFunnel;0;15000;MONTHLY;0;PREMIUM;TRUE;FALSE;79700;
yearly-pro-5k-alex;LOWTICKET;ChatFunnel;0;5000;YEARLY;0;PREMIUM;TRUE;FALSE;397600;
yearly-pro-15k-alex;LOWTICKET;ChatFunnel;0;15000;YEARLY;0;PREMIUM;TRUE;FALSE;637600;
monthly-advanced-15k-alex;LOWTICKET;ChatFunnel;0;15000;MONTHLY;0;ADVANCED;TRUE;FALSE;99700;
yearly-advanced-15k-alex;LOWTICKET;ChatFunnel;0;15000;YEARLY;0;ADVANCED;TRUE;FALSE;797600;
GCN9LORXY8ZR;LOWTICKET;ChatFunnel;30;5000;MONTHLY;0;PREMIUM;TRUE;TRUE;0;
monthly-advanced-15k-leticia;LOWTICKET;ChatFunnel;0;15000;MONTHLY;0;ADVANCED;TRUE;FALSE;99700;
monthly-advanced-5K-leticia;LOWTICKET;ChatFunnel;0;5000;MONTHLY;0;ADVANCED;TRUE;FALSE;79700;
monthly-advanced-15k-leticia-trial;LOWTICKET;ChatFunnel;7;15000;MONTHLY;0;ADVANCED;TRUE;FALSE;0;
pro-mensal;LOWTICKET;ChatFunnel;7;5000;MONTHLY;0;PREMIUM;TRUE;FALSE;0;
pro-anual;LOWTICKET;ChatFunnel;14;5000;YEARLY;0;PREMIUM;TRUE;FALSE;0;
yearly-advanced-15k-leticia;LOWTICKET;ChatFunnel;0;15000;YEARLY;0;ADVANCED;TRUE;FALSE;0;
monthly-pro-5k-jo;LOWTICKET;ChatFunnel;0;5000;MONTHLY;0;PREMIUM;TRUE;FALSE;49700;
monthly-pro-15k-jo;LOWTICKET;ChatFunnel;0;15000;MONTHLY;0;PREMIUM;TRUE;FALSE;79700;
yearly-pro-5k-jo;LOWTICKET;ChatFunnel;0;5000;YEARLY;0;PREMIUM;TRUE;FALSE;397600;
yearly-pro-15k-jo;LOWTICKET;ChatFunnel;0;15000;YEARLY;0;PREMIUM;TRUE;FALSE;637600;
monthly-advanced-15k-jo;LOWTICKET;ChatFunnel;0;15000;MONTHLY;0;ADVANCED;TRUE;FALSE;99700;
monthly-advanced-5K-jo;LOWTICKET;ChatFunnel;0;5000;MONTHLY;0;ADVANCED;TRUE;FALSE;79700;
monthly-advanced-15k-jo-trial;LOWTICKET;ChatFunnel;7;15000;MONTHLY;0;ADVANCED;TRUE;FALSE;0;
yearly-advanced-15k-jo;LOWTICKET;ChatFunnel;0;15000;YEARLY;0;ADVANCED;TRUE;FALSE;0;
yearly-advanced;LOWTICKET;ChatFunnel;7;15000;YEARLY;0;ADVANCED;TRUE;FALSE;0;
monthly-advanced;LOWTICKET;ChatFunnel;7;15000;MONTHLY;0;ADVANCED;TRUE;FALSE;0;
monthly-pro;LOWTICKET;ChatFunnel;7;5000;MONTHLY;0;PREMIUM;TRUE;FALSE;0;
yearly-pro;LOWTICKET;ChatFunnel;7;5000;YEARLY;0;PREMIUM;TRUE;FALSE;0;
monthly-advanced-30-days;LOWTICKET;ChatFunnel;30;15000;MONTHLY;0;ADVANCED;TRUE;FALSE;0;
payment-now-pro;LOWTICKET;ChatFunnel;0;5000;MONTHLY;0;PREMIUM;TRUE;FALSE;0;
payment-now-advanced;LOWTICKET;ChatFunnel;0;15000;MONTHLY;0;ADVANCED;TRUE;FALSE;0;
payment-now-pro-yearly;LOWTICKET;ChatFunnel;0;5000;YEARLY;0;PREMIUM;TRUE;FALSE;0;
payment-now-advanced-yearly;LOWTICKET;ChatFunnel;0;15000;YEARLY;0;ADVANCED;TRUE;FALSE;0;
XPRLQZNW7T9K;LOWTICKET;ChatFunnel;30;5000;MONTHLY;0;PREMIUM;TRUE;TRUE;0;
IMERSAO30;LOWTICKET;ChatFunnel - Imersão;30;5000;MONTHLY;0;PREMIUM;TRUE;TRUE;0;
TAP30PRO;LOWTICKET;ChatFunnel;30;5000;MONTHLY;0;PREMIUM;TRUE;TRUE;0;
pro-one-brl;LOWTICKET;ChatFunnel;0;5000;MONTHLY;0;PREMIUM;TRUE;FALSE;100;
CHATFUNNELTAP25;LOWTICKET;PRO - TAP;30;5000;MONTHLY;1;PREMIUM;TRUE;TRUE;0;
NM98MZUVAPS3;LOWTICKET;ChatFunnel;30;5000;MONTHLY;0;PREMIUM;TRUE;TRUE;0;
gabi;LOWTICKET;pro;10;5000;YEARLY;1;PREMIUM;TRUE;FALSE;0;
QWG45CNYHL7V;LOWTICKET;ChatFunnel;30;5000;MONTHLY;0;PREMIUM;TRUE;TRUE;0;
B3TRYLESA3WG;LOWTICKET;ChatFunnel;30;5000;MONTHLY;0;PREMIUM;TRUE;TRUE;0;
0PA29WDZFZVH;LOWTICKET;ChatFunnel;30;5000;MONTHLY;0;PREMIUM;TRUE;TRUE;0;
2ATYCYFZB3AY;LOWTICKET;ChatFunnel;30;5000;MONTHLY;0;PREMIUM;TRUE;TRUE;0;
ZTBT9RABPK65;LOWTICKET;ChatFunnel;30;5000;MONTHLY;0;PREMIUM;TRUE;TRUE;0;
C07NQV7D6OBO;LOWTICKET;ChatFunnel;30;5000;MONTHLY;0;PREMIUM;TRUE;TRUE;0;
AQRG52TPWB7Y;LOWTICKET;ChatFunnel;30;5000;MONTHLY;0;PREMIUM;TRUE;TRUE;0;
RWBEDWXBRZZC;LOWTICKET;ChatFunnel;30;5000;MONTHLY;0;PREMIUM;TRUE;TRUE;0;
BWPFO6YACHJG;LOWTICKET;ChatFunnel;30;5000;MONTHLY;0;PREMIUM;TRUE;TRUE;0;
EMIM5OZA7ZD6;LOWTICKET;ChatFunnel;30;5000;MONTHLY;0;PREMIUM;TRUE;TRUE;0;
TZUKCMO4LCRE;LOWTICKET;ChatFunnel;30;5000;MONTHLY;0;PREMIUM;TRUE;TRUE;0;
HN8YNNW8ROV8;LOWTICKET;ChatFunnel;30;5000;MONTHLY;0;PREMIUM;TRUE;TRUE;0;
7VGVT5J9UJLT;LOWTICKET;ChatFunnel;30;5000;MONTHLY;0;PREMIUM;TRUE;TRUE;0;
L6BNL3PHRC8U;LOWTICKET;ChatFunnel;30;5000;MONTHLY;0;PREMIUM;TRUE;TRUE;0;
BWKDN5WQZYDO;LOWTICKET;ChatFunnel;30;5000;MONTHLY;0;PREMIUM;TRUE;TRUE;0;
HH0PZ20Y6JFW;LOWTICKET;ChatFunnel;30;5000;MONTHLY;0;PREMIUM;TRUE;TRUE;0;
M35ISWFGABJT;LOWTICKET;ChatFunnel;30;5000;MONTHLY;0;PREMIUM;TRUE;TRUE;0;
KYI5VJ6O7ONW;LOWTICKET;ChatFunnel;30;5000;MONTHLY;0;PREMIUM;TRUE;TRUE;0;
USJ6DTSQ9CKJ;LOWTICKET;ChatFunnel;30;5000;MONTHLY;0;PREMIUM;TRUE;TRUE;0;
EZDRQTMYFOCS;LOWTICKET;ChatFunnel;30;5000;MONTHLY;0;PREMIUM;TRUE;TRUE;0;
GXBTYICAD1LA;LOWTICKET;ChatFunnel;30;5000;MONTHLY;0;PREMIUM;TRUE;TRUE;0;
WTA1UATTV9L7;LOWTICKET;ChatFunnel;30;5000;MONTHLY;0;PREMIUM;TRUE;TRUE;0;
9GQIE2ZNPI9I;LOWTICKET;ChatFunnel;30;5000;MONTHLY;0;PREMIUM;TRUE;TRUE;0;
T04EUR8GPHTB;LOWTICKET;ChatFunnel;30;5000;MONTHLY;0;PREMIUM;TRUE;TRUE;0;
UVYHMEMBNTYU;LOWTICKET;ChatFunnel;30;5000;MONTHLY;0;PREMIUM;TRUE;TRUE;0;
13PLYIYANYWW;LOWTICKET;ChatFunnel;30;5000;MONTHLY;0;PREMIUM;TRUE;TRUE;0;
UFKECQMATVES;LOWTICKET;ChatFunnel;30;5000;MONTHLY;0;PREMIUM;TRUE;TRUE;0;
A7LUBQJ4BFB1;LOWTICKET;ChatFunnel;30;5000;MONTHLY;0;PREMIUM;TRUE;TRUE;0;
9XXXB8JT7GKD;LOWTICKET;ChatFunnel;30;5000;MONTHLY;0;PREMIUM;TRUE;TRUE;0;
HAYNKO02CPJE;LOWTICKET;ChatFunnel;30;5000;MONTHLY;0;PREMIUM;TRUE;TRUE;0;
RRCNIFB5VJRI;LOWTICKET;ChatFunnel;30;5000;MONTHLY;0;PREMIUM;TRUE;TRUE;0;
HQWJVUTYJXIV;LOWTICKET;ChatFunnel;30;5000;MONTHLY;0;PREMIUM;TRUE;TRUE;0;
PRDBXJYSCQBW;LOWTICKET;ChatFunnel;30;5000;MONTHLY;0;PREMIUM;TRUE;TRUE;0;
ZQS5AYCL9GT1;LOWTICKET;ChatFunnel;30;5000;MONTHLY;0;PREMIUM;TRUE;TRUE;0;
IN7LRSWUHXDA;LOWTICKET;ChatFunnel;30;5000;MONTHLY;0;PREMIUM;TRUE;TRUE;0;
AB5BXUOQKFJE;LOWTICKET;ChatFunnel;30;5000;MONTHLY;0;PREMIUM;TRUE;TRUE;0;
N0RUXZWKDF6A;LOWTICKET;ChatFunnel;30;5000;MONTHLY;0;PREMIUM;TRUE;TRUE;0;
U2TVNPYJKWHF;LOWTICKET;ChatFunnel;30;5000;MONTHLY;0;PREMIUM;TRUE;TRUE;0;
TGLK9OVGQEU3;LOWTICKET;ChatFunnel;30;5000;MONTHLY;0;PREMIUM;TRUE;TRUE;0;
YA7G4WLWIHG6;LOWTICKET;ChatFunnel;30;5000;MONTHLY;0;PREMIUM;TRUE;TRUE;0;
Y1ERLK9DOQIU;LOWTICKET;ChatFunnel;30;5000;MONTHLY;0;PREMIUM;TRUE;TRUE;0;
G3T2RKZBLKC4;LOWTICKET;ChatFunnel;30;5000;MONTHLY;0;PREMIUM;TRUE;TRUE;0;
P0L79Q4FXSP4;LOWTICKET;ChatFunnel;30;5000;MONTHLY;0;PREMIUM;TRUE;TRUE;0;
LAMGBTPO4KMS;LOWTICKET;ChatFunnel;30;5000;MONTHLY;0;PREMIUM;TRUE;TRUE;0;
PSNM39GT8PBU;LOWTICKET;ChatFunnel;30;5000;MONTHLY;0;PREMIUM;TRUE;TRUE;0;
VR2RIKOH78QM;LOWTICKET;ChatFunnel;30;5000;MONTHLY;0;PREMIUM;TRUE;TRUE;0;
ZFUG4WQVASWE;LOWTICKET;ChatFunnel;30;5000;MONTHLY;0;PREMIUM;TRUE;TRUE;0;
URSEAQXW6T2K;LOWTICKET;ChatFunnel;30;5000;MONTHLY;0;PREMIUM;TRUE;TRUE;0;
IP8KCEQ3CFFN;LOWTICKET;ChatFunnel;30;5000;MONTHLY;0;PREMIUM;TRUE;TRUE;0;
C77RQ1RW3RMH;LOWTICKET;ChatFunnel;30;5000;MONTHLY;0;PREMIUM;TRUE;TRUE;0;
EYI7YDIHNMOC;LOWTICKET;ChatFunnel;30;5000;MONTHLY;0;PREMIUM;TRUE;TRUE;0;
RZXFKAG49PXP;LOWTICKET;ChatFunnel;30;5000;MONTHLY;0;PREMIUM;TRUE;TRUE;0;
VD6W8BE8XWAC;LOWTICKET;ChatFunnel;30;5000;MONTHLY;0;PREMIUM;TRUE;TRUE;0;
9AUVHMOQG01U;LOWTICKET;ChatFunnel;30;5000;MONTHLY;0;PREMIUM;TRUE;TRUE;0;
FYZTFG1FGF1W;LOWTICKET;ChatFunnel;0;5000;MONTHLY;0;PREMIUM;TRUE;TRUE;100;
KHKACEEB3DW4;LOWTICKET;ChatFunnel;30;5000;MONTHLY;0;PREMIUM;TRUE;TRUE;0;
UQRCHBVO7PWC;LOWTICKET;ChatFunnel;30;5000;MONTHLY;0;PREMIUM;TRUE;TRUE;0;
FBAJISBFATZA;LOWTICKET;ChatFunnel;30;5000;MONTHLY;0;PREMIUM;TRUE;TRUE;0;
NETOCUZM6SLJ;LOWTICKET;ChatFunnel;30;5000;MONTHLY;0;PREMIUM;TRUE;TRUE;0;
BO0MZUNHJWXA;LOWTICKET;ChatFunnel;30;5000;MONTHLY;0;PREMIUM;TRUE;TRUE;0;
BQKVMI3042IJ;LOWTICKET;ChatFunnel;30;5000;MONTHLY;0;PREMIUM;TRUE;TRUE;0;
AJENPAQAIFXN;LOWTICKET;ChatFunnel;30;5000;MONTHLY;0;PREMIUM;TRUE;TRUE;0;
UU8IDA5EGWT0;LOWTICKET;ChatFunnel;30;5000;MONTHLY;0;PREMIUM;TRUE;TRUE;0;
INTZDM4DHPWH;LOWTICKET;ChatFunnel;30;5000;MONTHLY;0;PREMIUM;TRUE;TRUE;0;
NP9SIEAARI5W;LOWTICKET;ChatFunnel;30;5000;MONTHLY;0;PREMIUM;TRUE;TRUE;0;
Q6TFRLCSJCDL;LOWTICKET;ChatFunnel;30;5000;MONTHLY;0;PREMIUM;TRUE;TRUE;0;
NFQHLSUN8URK;LOWTICKET;ChatFunnel;30;5000;MONTHLY;0;PREMIUM;TRUE;TRUE;0;
4PWXOSVGEBDW;LOWTICKET;ChatFunnel;30;5000;MONTHLY;0;PREMIUM;TRUE;TRUE;0;
Q1IE5AOPXDND;LOWTICKET;ChatFunnel;30;5000;MONTHLY;0;PREMIUM;TRUE;TRUE;0;
HNWFXRFM6T8Q;LOWTICKET;ChatFunnel;30;5000;MONTHLY;0;PREMIUM;TRUE;TRUE;0;
PMKAPC7AEUOP;LOWTICKET;ChatFunnel;30;5000;MONTHLY;0;PREMIUM;TRUE;TRUE;0;
FRUMAQ5HCXWT;LOWTICKET;ChatFunnel;30;5000;MONTHLY;0;PREMIUM;TRUE;TRUE;0;
CVAELUWFXMEB;LOWTICKET;ChatFunnel;30;5000;MONTHLY;0;PREMIUM;TRUE;TRUE;0;
7SU6DR8QTAWF;LOWTICKET;ChatFunnel;30;5000;MONTHLY;0;PREMIUM;TRUE;TRUE;0;
UT8I4K8XSJOB;LOWTICKET;ChatFunnel;30;5000;MONTHLY;0;PREMIUM;TRUE;TRUE;0;
4S0RWZXHDF5U;LOWTICKET;ChatFunnel;30;5000;MONTHLY;0;PREMIUM;TRUE;TRUE;0;
9QCWLA2ZYLDP;LOWTICKET;ChatFunnel;30;5000;MONTHLY;0;PREMIUM;TRUE;TRUE;0;
UG5ZJD6YTCPI;LOWTICKET;ChatFunnel;30;5000;MONTHLY;0;PREMIUM;TRUE;TRUE;0;
WEDAWVJSCN94;LOWTICKET;ChatFunnel;30;5000;MONTHLY;0;PREMIUM;TRUE;TRUE;0;
H74EB0F5GB5O;LOWTICKET;ChatFunnel;30;5000;MONTHLY;0;PREMIUM;TRUE;TRUE;0;
KG7JPHJ1EMMK;LOWTICKET;ChatFunnel;30;5000;MONTHLY;0;PREMIUM;TRUE;TRUE;0;
ITA2M6UT1UHP;LOWTICKET;ChatFunnel;30;5000;MONTHLY;0;PREMIUM;TRUE;TRUE;0;
QZ3TTNSBHICN;LOWTICKET;ChatFunnel;30;5000;MONTHLY;0;PREMIUM;TRUE;TRUE;0;
TTUKVPNGQXYR;LOWTICKET;ChatFunnel;30;5000;MONTHLY;0;PREMIUM;TRUE;TRUE;0;
3URXDJ2UX1VR;LOWTICKET;ChatFunnel;30;5000;MONTHLY;0;PREMIUM;TRUE;TRUE;0;
PBMHOMF5IHDV;LOWTICKET;ChatFunnel;30;5000;MONTHLY;0;PREMIUM;TRUE;TRUE;0;
YHSZAGZGDN2V;LOWTICKET;ChatFunnel;30;5000;MONTHLY;0;PREMIUM;TRUE;TRUE;0;
BAOXRGZ8TU4G;LOWTICKET;ChatFunnel;30;5000;MONTHLY;0;PREMIUM;TRUE;TRUE;0;
ER6GR9EEUPHG;LOWTICKET;ChatFunnel;30;5000;MONTHLY;0;PREMIUM;TRUE;TRUE;0;
J0N4BDCXTBBJ;LOWTICKET;ChatFunnel;30;5000;MONTHLY;0;PREMIUM;TRUE;TRUE;0;
ZB1GOUUU1ON6;LOWTICKET;ChatFunnel;30;5000;MONTHLY;0;PREMIUM;TRUE;TRUE;0;
AN2JXNYO8EAL;LOWTICKET;ChatFunnel;30;5000;MONTHLY;0;PREMIUM;TRUE;TRUE;0;
MMB3BOBV97YH;LOWTICKET;ChatFunnel;30;5000;MONTHLY;0;PREMIUM;TRUE;TRUE;0;
JURVBZJNONGB;LOWTICKET;ChatFunnel;30;5000;MONTHLY;0;PREMIUM;TRUE;TRUE;0;
5UYJP6I2BSBB;LOWTICKET;ChatFunnel;30;5000;MONTHLY;0;PREMIUM;TRUE;TRUE;0;
IJ2UDU3JTMLJ;LOWTICKET;ChatFunnel;30;5000;MONTHLY;0;PREMIUM;TRUE;TRUE;0;
CZSALCNRSYY0;LOWTICKET;ChatFunnel;30;5000;MONTHLY;0;PREMIUM;TRUE;TRUE;0;
OL95SC4EJGL5;LOWTICKET;ChatFunnel;30;5000;MONTHLY;0;PREMIUM;TRUE;TRUE;0;
PYX963PLZPFB;LOWTICKET;ChatFunnel;30;5000;MONTHLY;0;PREMIUM;TRUE;TRUE;0;
W4MOET1OAMCK;LOWTICKET;ChatFunnel;30;5000;MONTHLY;0;PREMIUM;TRUE;TRUE;0;
3H0HP14LCBLG;LOWTICKET;ChatFunnel;30;5000;MONTHLY;0;PREMIUM;TRUE;TRUE;0;
BASCLAUDLA4F;LOWTICKET;ChatFunnel;30;5000;MONTHLY;0;PREMIUM;TRUE;TRUE;0;
7A8YYI5BW0GN;LOWTICKET;ChatFunnel;30;5000;MONTHLY;0;PREMIUM;TRUE;TRUE;0;
WDXHTW4HBR60;LOWTICKET;ChatFunnel;30;5000;MONTHLY;0;PREMIUM;TRUE;TRUE;0;
JPGX3IE65TJ3;LOWTICKET;ChatFunnel;30;5000;MONTHLY;0;PREMIUM;TRUE;TRUE;0;
EY6XXW4K19AM;LOWTICKET;ChatFunnel;30;5000;MONTHLY;0;PREMIUM;TRUE;TRUE;0;
RYVQETHDYR9F;LOWTICKET;ChatFunnel;30;5000;MONTHLY;0;PREMIUM;TRUE;TRUE;0;
AW20QOLPZRMX;LOWTICKET;ChatFunnel;30;5000;MONTHLY;0;PREMIUM;TRUE;TRUE;0;
MUVSARGZLL9G;LOWTICKET;ChatFunnel;30;5000;MONTHLY;0;PREMIUM;TRUE;TRUE;0;
E7ZGFUVUJ3YR;LOWTICKET;ChatFunnel;30;5000;MONTHLY;0;PREMIUM;TRUE;TRUE;0;
UGRZC595GDBQ;LOWTICKET;ChatFunnel;30;5000;MONTHLY;0;PREMIUM;TRUE;TRUE;0;
IP5YMTPBO36O;LOWTICKET;ChatFunnel;30;5000;MONTHLY;0;PREMIUM;TRUE;TRUE;0;
KK5F9CYYT0HB;LOWTICKET;ChatFunnel;30;5000;MONTHLY;0;PREMIUM;TRUE;TRUE;0;
HCGOF7TBE5EX;LOWTICKET;ChatFunnel;30;5000;MONTHLY;0;PREMIUM;TRUE;TRUE;0;
7HJB5JZ4UTXJ;LOWTICKET;ChatFunnel;30;5000;MONTHLY;0;PREMIUM;TRUE;TRUE;0;
ZVCNWRIHMIW1;LOWTICKET;ChatFunnel;30;5000;MONTHLY;0;PREMIUM;TRUE;TRUE;0;
ZZHN0W7RA48Q;LOWTICKET;ChatFunnel;30;5000;MONTHLY;0;PREMIUM;TRUE;TRUE;0;
9AMW4MXVYGEG;LOWTICKET;ChatFunnel;30;5000;MONTHLY;0;PREMIUM;TRUE;TRUE;0;
T4LTQTAX5ASM;LOWTICKET;ChatFunnel;30;5000;MONTHLY;0;PREMIUM;TRUE;TRUE;0;
2ZL6EWT2R9ZZ;LOWTICKET;ChatFunnel;30;5000;MONTHLY;0;PREMIUM;TRUE;TRUE;0;
MUFVD2MUTGOB;LOWTICKET;ChatFunnel;30;5000;MONTHLY;0;PREMIUM;TRUE;TRUE;0;
U4WCAGBIRA4T;LOWTICKET;ChatFunnel;30;5000;MONTHLY;0;PREMIUM;TRUE;TRUE;0;
DFIZ9ZC05GFI;LOWTICKET;ChatFunnel;30;5000;MONTHLY;0;PREMIUM;TRUE;TRUE;0;
4UP8F7N8UQTQ;LOWTICKET;ChatFunnel;30;5000;MONTHLY;0;PREMIUM;TRUE;TRUE;0;
JY7SRPXFTTP7;LOWTICKET;ChatFunnel;30;5000;MONTHLY;0;PREMIUM;TRUE;TRUE;0;
KNTB0QESUD4R;LOWTICKET;ChatFunnel;30;5000;MONTHLY;0;PREMIUM;TRUE;TRUE;0;
MNSYSOZX5WWY;LOWTICKET;ChatFunnel;30;5000;MONTHLY;0;PREMIUM;TRUE;TRUE;0;
UVOCJTWT9CNA;LOWTICKET;ChatFunnel;30;5000;MONTHLY;0;PREMIUM;TRUE;TRUE;0;
MU7QDS0T490R;LOWTICKET;ChatFunnel;30;5000;MONTHLY;0;PREMIUM;TRUE;TRUE;0;
EGQ6B3W8N2MN;LOWTICKET;ChatFunnel;30;5000;MONTHLY;0;PREMIUM;TRUE;TRUE;0;
1VTP28PMIPA4;LOWTICKET;ChatFunnel;30;5000;MONTHLY;0;PREMIUM;TRUE;TRUE;0;
MDLNYIOJIISB;LOWTICKET;ChatFunnel;30;5000;MONTHLY;0;PREMIUM;TRUE;TRUE;0;
S2CK4GZWQ65F;LOWTICKET;ChatFunnel;30;5000;MONTHLY;0;PREMIUM;TRUE;TRUE;0;
HEHBRTWTBOU5;LOWTICKET;ChatFunnel;30;5000;MONTHLY;0;PREMIUM;TRUE;TRUE;0;
SVQDSTOIVEH9;LOWTICKET;ChatFunnel;30;5000;MONTHLY;0;PREMIUM;TRUE;TRUE;0;
A5BQ8CGPL999;LOWTICKET;ChatFunnel;30;5000;MONTHLY;0;PREMIUM;TRUE;TRUE;0;
MGZGP3OQ54G6;LOWTICKET;ChatFunnel;30;5000;MONTHLY;0;PREMIUM;TRUE;TRUE;0;
8W7ROFDLZVNR;LOWTICKET;ChatFunnel;30;5000;MONTHLY;0;PREMIUM;TRUE;TRUE;0;
M1DGEBNCMCQX;LOWTICKET;ChatFunnel;30;5000;MONTHLY;0;PREMIUM;TRUE;TRUE;0;
TWTW2DQCFRXZ;LOWTICKET;ChatFunnel;30;5000;MONTHLY;0;PREMIUM;TRUE;TRUE;0;
H3PQ3V5KARTD;LOWTICKET;ChatFunnel;30;5000;MONTHLY;0;PREMIUM;TRUE;TRUE;0;
7CISN5VL2ZCC;LOWTICKET;ChatFunnel;30;5000;MONTHLY;0;PREMIUM;TRUE;TRUE;0;
LNLJOYUJSSSA;LOWTICKET;ChatFunnel;30;5000;MONTHLY;0;PREMIUM;TRUE;TRUE;0;
MXIGNJVHR8RB;LOWTICKET;ChatFunnel;30;5000;MONTHLY;0;PREMIUM;TRUE;TRUE;0;
ZFN7M7SU7X3N;LOWTICKET;ChatFunnel;30;5000;MONTHLY;0;PREMIUM;TRUE;TRUE;0;
YGOBN0UAKRGK;LOWTICKET;ChatFunnel;30;5000;MONTHLY;0;PREMIUM;TRUE;TRUE;0;
LXPOA0JSTEEL;LOWTICKET;ChatFunnel;30;5000;MONTHLY;0;PREMIUM;TRUE;TRUE;0;
O186ZIBNF7AP;LOWTICKET;ChatFunnel;30;5000;MONTHLY;0;PREMIUM;TRUE;TRUE;0;
W5NDVPTDPTWC;LOWTICKET;ChatFunnel;30;5000;MONTHLY;0;PREMIUM;TRUE;TRUE;0;
XKNP51NFMCUE;LOWTICKET;ChatFunnel;30;5000;MONTHLY;0;PREMIUM;TRUE;TRUE;0;
UTYW39GC0XK7;LOWTICKET;ChatFunnel;30;5000;MONTHLY;0;PREMIUM;TRUE;TRUE;0;
TGHMALIB8BSL;LOWTICKET;ChatFunnel;30;5000;MONTHLY;0;PREMIUM;TRUE;TRUE;0;
DTOKOSPM0ZSR;LOWTICKET;ChatFunnel;30;5000;MONTHLY;0;PREMIUM;TRUE;TRUE;0;
UOFJIVC3VGOF;LOWTICKET;ChatFunnel;30;5000;MONTHLY;0;PREMIUM;TRUE;TRUE;0;
CVJCXTVPQECP;LOWTICKET;ChatFunnel;30;5000;MONTHLY;0;PREMIUM;TRUE;TRUE;0;
GDD2P3THB9BG;LOWTICKET;ChatFunnel;30;5000;MONTHLY;0;PREMIUM;TRUE;TRUE;0;
B5CTQI59SLAA;LOWTICKET;ChatFunnel;30;5000;MONTHLY;0;PREMIUM;TRUE;TRUE;0;
TDXEGQPCMJDD;LOWTICKET;ChatFunnel;30;5000;MONTHLY;0;PREMIUM;TRUE;TRUE;0;
OPEF2YWBTEUB;LOWTICKET;ChatFunnel;30;5000;MONTHLY;0;PREMIUM;TRUE;TRUE;0;
M05QY4KL5LCN;LOWTICKET;ChatFunnel;30;5000;MONTHLY;0;PREMIUM;TRUE;TRUE;0;
A9LBCJI4GKMU;LOWTICKET;ChatFunnel;30;5000;MONTHLY;0;PREMIUM;TRUE;TRUE;0;
H1IXBXFCRVMI;LOWTICKET;ChatFunnel;30;5000;MONTHLY;0;PREMIUM;TRUE;TRUE;0;
NNZPHX4PZCSR;LOWTICKET;ChatFunnel;30;5000;MONTHLY;0;PREMIUM;TRUE;TRUE;0;
ZLJCBP4TD2QB;LOWTICKET;ChatFunnel;30;5000;MONTHLY;0;PREMIUM;TRUE;TRUE;0;
1H2EYAJE0LXH;LOWTICKET;ChatFunnel;30;5000;MONTHLY;0;PREMIUM;TRUE;TRUE;0;
DOCYKGEFEUKA;LOWTICKET;ChatFunnel;30;5000;MONTHLY;0;PREMIUM;TRUE;TRUE;0;
YHODQF9STHAM;LOWTICKET;ChatFunnel;30;5000;MONTHLY;0;PREMIUM;TRUE;TRUE;0;
NR0BS4K2LV4P;LOWTICKET;ChatFunnel;30;5000;MONTHLY;0;PREMIUM;TRUE;TRUE;0;
GKABIWK0L4BO;LOWTICKET;ChatFunnel;30;5000;MONTHLY;0;PREMIUM;TRUE;TRUE;0;
N8QUNKWZW7ZG;LOWTICKET;ChatFunnel;30;5000;MONTHLY;0;PREMIUM;TRUE;TRUE;0;
QHRW9LSHX6VT;LOWTICKET;ChatFunnel;30;5000;MONTHLY;0;PREMIUM;TRUE;TRUE;0;
MK8CIJEMLHFD;LOWTICKET;ChatFunnel;30;5000;MONTHLY;0;PREMIUM;TRUE;TRUE;0;
JP8TLSDRZUPS;LOWTICKET;ChatFunnel;30;5000;MONTHLY;0;PREMIUM;TRUE;TRUE;0;
SCCMLUG4FM5E;LOWTICKET;ChatFunnel;30;5000;MONTHLY;0;PREMIUM;TRUE;TRUE;0;
PIEKORFCYJUV;LOWTICKET;ChatFunnel;30;5000;MONTHLY;0;PREMIUM;TRUE;TRUE;0;
PQQHE3CFEGDF;LOWTICKET;ChatFunnel;30;5000;MONTHLY;0;PREMIUM;TRUE;TRUE;0;
OYEBNKVVLTAJ;LOWTICKET;ChatFunnel;30;5000;MONTHLY;0;PREMIUM;TRUE;TRUE;0;
UN4XSHQNLA3G;LOWTICKET;ChatFunnel;30;5000;MONTHLY;0;PREMIUM;TRUE;TRUE;0;
L0T6BQB1SZ0P;LOWTICKET;ChatFunnel;30;5000;MONTHLY;0;PREMIUM;TRUE;TRUE;0;
EXMEADLYRX5P;LOWTICKET;ChatFunnel;30;5000;MONTHLY;0;PREMIUM;TRUE;TRUE;0;
67YSYVGGG7S3;LOWTICKET;ChatFunnel;30;5000;MONTHLY;0;PREMIUM;TRUE;TRUE;0;
FNERHYCDFHDO;LOWTICKET;ChatFunnel;30;5000;MONTHLY;0;PREMIUM;TRUE;TRUE;0;
RGH9YYQLKRYA;LOWTICKET;ChatFunnel;30;5000;MONTHLY;0;PREMIUM;TRUE;TRUE;0;
FH3CLANUF1A1;LOWTICKET;ChatFunnel;30;5000;MONTHLY;0;PREMIUM;TRUE;TRUE;0;
H3SY6TRUPFOU;LOWTICKET;ChatFunnel;30;5000;MONTHLY;0;PREMIUM;TRUE;TRUE;0;
BOO1VZSOS6PB;LOWTICKET;ChatFunnel;30;5000;MONTHLY;0;PREMIUM;TRUE;TRUE;0;
7KIZQRIDTEP6;LOWTICKET;ChatFunnel;30;5000;MONTHLY;0;PREMIUM;TRUE;TRUE;0;
OXPBULBZ0UYF;LOWTICKET;ChatFunnel;30;5000;MONTHLY;0;PREMIUM;TRUE;TRUE;0;
G8NYXETVRKXQ;LOWTICKET;ChatFunnel;30;5000;MONTHLY;0;PREMIUM;TRUE;TRUE;0;
VQHZFMXR7KIR;LOWTICKET;ChatFunnel;30;5000;MONTHLY;0;PREMIUM;TRUE;TRUE;0;
PEOR3HBY377L;LOWTICKET;ChatFunnel;30;5000;MONTHLY;0;PREMIUM;TRUE;TRUE;0;
LDOJFMJNDJ5O;LOWTICKET;ChatFunnel;30;5000;MONTHLY;0;PREMIUM;TRUE;TRUE;0;
8SGPW7KTFHHI;LOWTICKET;ChatFunnel;30;5000;MONTHLY;0;PREMIUM;TRUE;TRUE;0;
AUTCO9DWRGQQ;LOWTICKET;ChatFunnel;30;5000;MONTHLY;0;PREMIUM;TRUE;TRUE;0;
RV6Y8XS6PM29;LOWTICKET;ChatFunnel;30;5000;MONTHLY;0;PREMIUM;TRUE;TRUE;0;
I0BXMYIYRGUT;LOWTICKET;ChatFunnel;30;5000;MONTHLY;0;PREMIUM;TRUE;TRUE;0;
SOINLYWVQZU7;LOWTICKET;ChatFunnel;30;5000;MONTHLY;0;PREMIUM;TRUE;TRUE;0;
VLL3IY0NSI1A;LOWTICKET;ChatFunnel;30;5000;MONTHLY;0;PREMIUM;TRUE;TRUE;0;
EB8LOCOTEJ07;LOWTICKET;ChatFunnel;30;5000;MONTHLY;0;PREMIUM;TRUE;TRUE;0;
5QWZM1H8DE0M;LOWTICKET;ChatFunnel;30;5000;MONTHLY;0;PREMIUM;TRUE;TRUE;0;
3XANGNUO1LRT;LOWTICKET;ChatFunnel;30;5000;MONTHLY;0;PREMIUM;TRUE;TRUE;0;
GJNAFU0MDDMC;LOWTICKET;ChatFunnel;30;5000;MONTHLY;0;PREMIUM;TRUE;TRUE;0;
NJKABOGBWGHK;LOWTICKET;ChatFunnel;30;5000;MONTHLY;0;PREMIUM;TRUE;TRUE;0;
ZEPJGBR5PA8L;LOWTICKET;ChatFunnel;30;5000;MONTHLY;0;PREMIUM;TRUE;TRUE;0;
LCFRE9P6AWIP;LOWTICKET;ChatFunnel;30;5000;MONTHLY;0;PREMIUM;TRUE;TRUE;0;
7MOOSKEXL34V;LOWTICKET;ChatFunnel;30;5000;MONTHLY;0;PREMIUM;TRUE;TRUE;0;
RFZRZLRNHRFG;LOWTICKET;ChatFunnel;30;5000;MONTHLY;0;PREMIUM;TRUE;TRUE;0;
L0IJ2WNMTWTI;LOWTICKET;ChatFunnel;30;5000;MONTHLY;0;PREMIUM;TRUE;TRUE;0;
YZH27AF6HAAC;LOWTICKET;ChatFunnel;30;5000;MONTHLY;0;PREMIUM;TRUE;TRUE;0;
WEJIWLHF0ACO;LOWTICKET;ChatFunnel;30;5000;MONTHLY;0;PREMIUM;TRUE;TRUE;0;
SM8WEJ3OK0EG;LOWTICKET;ChatFunnel;30;5000;MONTHLY;0;PREMIUM;TRUE;TRUE;0;
LBKEJNXH2NMQ;LOWTICKET;ChatFunnel;30;5000;MONTHLY;0;PREMIUM;TRUE;TRUE;0;
RIMHUBMNT0SW;LOWTICKET;ChatFunnel;30;5000;MONTHLY;0;PREMIUM;TRUE;TRUE;0;
FIUXNKRA19VI;LOWTICKET;ChatFunnel;30;5000;MONTHLY;0;PREMIUM;TRUE;TRUE;0;
8294KY6FSX5C;LOWTICKET;ChatFunnel;30;5000;MONTHLY;0;PREMIUM;TRUE;TRUE;0;
W9L57Z6O63BU;LOWTICKET;ChatFunnel;30;5000;MONTHLY;0;PREMIUM;TRUE;TRUE;0;
LN6GU7CVNHDQ;LOWTICKET;ChatFunnel;30;5000;MONTHLY;0;PREMIUM;TRUE;TRUE;0;
BOUSBD18ZDGY;LOWTICKET;ChatFunnel;30;5000;MONTHLY;0;PREMIUM;TRUE;TRUE;0;
SXQHFXDL6BGH;LOWTICKET;ChatFunnel;30;5000;MONTHLY;0;PREMIUM;TRUE;TRUE;0;
VN1MDSMNDHG3;LOWTICKET;ChatFunnel;30;5000;MONTHLY;0;PREMIUM;TRUE;TRUE;0;
CLDOW1Q7YENW;LOWTICKET;ChatFunnel;30;5000;MONTHLY;0;PREMIUM;TRUE;TRUE;0;
OMWMXKXPWVKR;LOWTICKET;ChatFunnel;30;5000;MONTHLY;0;PREMIUM;TRUE;TRUE;0;
VGX27DMPA33A;LOWTICKET;ChatFunnel;30;5000;MONTHLY;0;PREMIUM;TRUE;TRUE;0;
7K3XM5RD15BG;LOWTICKET;ChatFunnel;30;5000;MONTHLY;0;PREMIUM;TRUE;TRUE;0;
JLOODUPMEXZH;LOWTICKET;ChatFunnel;30;5000;MONTHLY;0;PREMIUM;TRUE;TRUE;0;
7AQBXAEHZTHM;LOWTICKET;ChatFunnel;30;5000;MONTHLY;0;PREMIUM;TRUE;TRUE;0;
CCBFBBT8WZBZ;LOWTICKET;ChatFunnel;30;5000;MONTHLY;0;PREMIUM;TRUE;TRUE;0;
1GYSWD6WRQJO;LOWTICKET;ChatFunnel;30;5000;MONTHLY;0;PREMIUM;TRUE;TRUE;0;
LMIK5KSFDK8M;LOWTICKET;ChatFunnel;30;5000;MONTHLY;0;PREMIUM;TRUE;TRUE;0;
1C67DSH6HG5C;LOWTICKET;ChatFunnel;30;5000;MONTHLY;0;PREMIUM;TRUE;TRUE;0;
JD4M84RKOC8F;LOWTICKET;ChatFunnel;30;5000;MONTHLY;0;PREMIUM;TRUE;TRUE;0;
MACBEDOPXUST;LOWTICKET;ChatFunnel;30;5000;MONTHLY;0;PREMIUM;TRUE;TRUE;0;
J1D6UCO4I4ZD;LOWTICKET;ChatFunnel;30;5000;MONTHLY;0;PREMIUM;TRUE;TRUE;0;
2S3QVEXI0J3H;LOWTICKET;ChatFunnel;30;5000;MONTHLY;0;PREMIUM;TRUE;TRUE;0;
G6HQUXTNN0LO;LOWTICKET;ChatFunnel;30;5000;MONTHLY;0;PREMIUM;TRUE;TRUE;0;
09KLM3CZMNLX;LOWTICKET;ChatFunnel;30;5000;MONTHLY;0;PREMIUM;TRUE;TRUE;0;
YLDD4LNZGDAX;LOWTICKET;ChatFunnel;30;5000;MONTHLY;0;PREMIUM;TRUE;TRUE;0;
AGBKZKSZZLY9;LOWTICKET;ChatFunnel;30;5000;MONTHLY;0;PREMIUM;TRUE;TRUE;0;
FFCC8KUAHDHF;LOWTICKET;ChatFunnel;30;5000;MONTHLY;0;PREMIUM;TRUE;TRUE;0;
UIII7VDXJWVO;LOWTICKET;ChatFunnel;30;5000;MONTHLY;0;PREMIUM;TRUE;TRUE;0;
VPQIV2NL8UEN;LOWTICKET;ChatFunnel;30;5000;MONTHLY;0;PREMIUM;TRUE;TRUE;0;
QLZ7W0IFJID8;LOWTICKET;ChatFunnel;30;5000;MONTHLY;0;PREMIUM;TRUE;TRUE;0;
ICDLXOE1LVTI;LOWTICKET;ChatFunnel;30;5000;MONTHLY;0;PREMIUM;TRUE;TRUE;0;
DBVPDA8DMR0A;LOWTICKET;ChatFunnel;30;5000;MONTHLY;0;PREMIUM;TRUE;TRUE;0;
UVRJSAXBCVXL;LOWTICKET;ChatFunnel;30;5000;MONTHLY;0;PREMIUM;TRUE;TRUE;0;
JZWKDPWXT2QB;LOWTICKET;ChatFunnel;30;5000;MONTHLY;0;PREMIUM;TRUE;TRUE;0;
AI9ELINYJOGF;LOWTICKET;ChatFunnel;30;5000;MONTHLY;0;PREMIUM;TRUE;TRUE;0;
0CMFARXQZHQG;LOWTICKET;ChatFunnel;30;5000;MONTHLY;0;PREMIUM;TRUE;TRUE;0;
BMK62SCNQVTO;LOWTICKET;ChatFunnel;30;5000;MONTHLY;0;PREMIUM;TRUE;TRUE;0;
NYYX7KNFGCHT;LOWTICKET;ChatFunnel;30;5000;MONTHLY;0;PREMIUM;TRUE;TRUE;0;
EEDSRIWEG7M5;LOWTICKET;ChatFunnel;30;5000;MONTHLY;0;PREMIUM;TRUE;TRUE;0;
V8GGDAACMDTM;LOWTICKET;ChatFunnel;30;5000;MONTHLY;0;PREMIUM;TRUE;TRUE;0;
SQ5IC2GFS99Q;LOWTICKET;ChatFunnel;30;5000;MONTHLY;0;PREMIUM;TRUE;TRUE;0;
KAJGBHEKJE4H;LOWTICKET;ChatFunnel;30;5000;MONTHLY;0;PREMIUM;TRUE;TRUE;0;
9KLTACSZJQI4;LOWTICKET;ChatFunnel;30;5000;MONTHLY;0;PREMIUM;TRUE;TRUE;0;
VHU4XXEYPSIN;LOWTICKET;ChatFunnel;30;5000;MONTHLY;0;PREMIUM;TRUE;TRUE;0;
VH0LKF15BHJF;LOWTICKET;ChatFunnel;30;5000;MONTHLY;0;PREMIUM;TRUE;TRUE;0;
ORECUFUCUM6I;LOWTICKET;ChatFunnel;30;5000;MONTHLY;0;PREMIUM;TRUE;TRUE;0;
BMCO5MBU8X1I;LOWTICKET;ChatFunnel;30;5000;MONTHLY;0;PREMIUM;TRUE;TRUE;0;
DX63O2UGAT1T;LOWTICKET;ChatFunnel;30;5000;MONTHLY;0;PREMIUM;TRUE;TRUE;0;
M3GCOJ05RBSK;LOWTICKET;ChatFunnel;30;5000;MONTHLY;0;PREMIUM;TRUE;TRUE;0;
JO9F10ONUYCF;LOWTICKET;ChatFunnel;30;5000;MONTHLY;0;PREMIUM;TRUE;TRUE;0;
TGHK4SSXTJS4;LOWTICKET;ChatFunnel;30;5000;MONTHLY;0;PREMIUM;TRUE;TRUE;0;
V1LJDPPMTBDQ;LOWTICKET;ChatFunnel;30;5000;MONTHLY;0;PREMIUM;TRUE;TRUE;0;
BQENN6WTECX9;LOWTICKET;ChatFunnel;30;5000;MONTHLY;0;PREMIUM;TRUE;TRUE;0;
DZ0SQX5H0XMT;LOWTICKET;ChatFunnel;30;5000;MONTHLY;0;PREMIUM;TRUE;TRUE;0;
LEUYZLQ7O9ZV;LOWTICKET;ChatFunnel;30;5000;MONTHLY;0;PREMIUM;TRUE;TRUE;0;
RCA4UJZKQX8J;LOWTICKET;ChatFunnel;30;5000;MONTHLY;0;PREMIUM;TRUE;TRUE;0;
FA5KKXZLM1HP;LOWTICKET;ChatFunnel;30;5000;MONTHLY;0;PREMIUM;TRUE;TRUE;0;
GZUXWRKNNENX;LOWTICKET;ChatFunnel;30;5000;MONTHLY;0;PREMIUM;TRUE;TRUE;0;
IKIT4ZE5JUEG;LOWTICKET;ChatFunnel;30;5000;MONTHLY;0;PREMIUM;TRUE;TRUE;0;
OOSQLNXD4RS2;LOWTICKET;ChatFunnel;30;5000;MONTHLY;0;PREMIUM;TRUE;TRUE;0;
LTMBP9TX6H8V;LOWTICKET;ChatFunnel;30;5000;MONTHLY;0;PREMIUM;TRUE;TRUE;0;
ZKFLUZWWAFPZ;LOWTICKET;ChatFunnel;30;5000;MONTHLY;0;PREMIUM;TRUE;TRUE;0;
6CHHX9K5SZQD;LOWTICKET;ChatFunnel;30;5000;MONTHLY;0;PREMIUM;TRUE;TRUE;0;
OEKQM64YUGLD;LOWTICKET;ChatFunnel;30;5000;MONTHLY;0;PREMIUM;TRUE;TRUE;0;
VHU5MYXO1QFP;LOWTICKET;ChatFunnel;30;5000;MONTHLY;0;PREMIUM;TRUE;TRUE;0;
QVH1NHVHMZHH;LOWTICKET;ChatFunnel;30;5000;MONTHLY;0;PREMIUM;TRUE;TRUE;0;
HUJAZQC7XZFX;LOWTICKET;ChatFunnel;30;5000;MONTHLY;0;PREMIUM;TRUE;TRUE;0;
VSZQZLSIGTW9;LOWTICKET;ChatFunnel;30;5000;MONTHLY;0;PREMIUM;TRUE;TRUE;0;
6MEU97HZD8OR;LOWTICKET;ChatFunnel;30;5000;MONTHLY;0;PREMIUM;TRUE;TRUE;0;
NOQCTRXO4JXF;LOWTICKET;ChatFunnel;30;5000;MONTHLY;0;PREMIUM;TRUE;TRUE;0;
XFBD8LHRULX6;LOWTICKET;ChatFunnel;30;5000;MONTHLY;0;PREMIUM;TRUE;TRUE;0;
1O3RPYP4JGUU;LOWTICKET;ChatFunnel;30;5000;MONTHLY;0;PREMIUM;TRUE;TRUE;0;
QUOHVU8QK5NR;LOWTICKET;ChatFunnel;30;5000;MONTHLY;0;PREMIUM;TRUE;TRUE;0;
UOQCTTIGHIRZ;LOWTICKET;ChatFunnel;30;5000;MONTHLY;0;PREMIUM;TRUE;TRUE;0;
GMRCCWWKOEXN;LOWTICKET;ChatFunnel;30;5000;MONTHLY;0;PREMIUM;TRUE;TRUE;0;
OZELV9D9PGOM;LOWTICKET;ChatFunnel;30;5000;MONTHLY;0;PREMIUM;TRUE;TRUE;0;
BIQOZPADYVXT;LOWTICKET;ChatFunnel;30;5000;MONTHLY;0;PREMIUM;TRUE;TRUE;0;
2TYC9O6DXOWV;LOWTICKET;ChatFunnel;30;5000;MONTHLY;0;PREMIUM;TRUE;TRUE;0;
TX1SIXZ0WAKR;LOWTICKET;ChatFunnel;30;5000;MONTHLY;0;PREMIUM;TRUE;TRUE;0;
G51TEIRDZAWT;LOWTICKET;ChatFunnel;30;5000;MONTHLY;0;PREMIUM;TRUE;TRUE;0;
Z8PTLR9NZAKG;LOWTICKET;ChatFunnel;30;5000;MONTHLY;0;PREMIUM;TRUE;TRUE;0;
EH15EVPDP9B1;LOWTICKET;ChatFunnel;30;5000;MONTHLY;0;PREMIUM;TRUE;TRUE;0;
CIKDYMTHFDAN;LOWTICKET;ChatFunnel;30;5000;MONTHLY;0;PREMIUM;TRUE;TRUE;0;
UAHWKKK9S63R;LOWTICKET;ChatFunnel;30;5000;MONTHLY;0;PREMIUM;TRUE;TRUE;0;
OTSOMUPCNYOC;LOWTICKET;ChatFunnel;30;5000;MONTHLY;0;PREMIUM;TRUE;TRUE;0;
A9EYSPMIZNWI;LOWTICKET;ChatFunnel;30;5000;MONTHLY;0;PREMIUM;TRUE;TRUE;0;
6COCVUQLXYW2;LOWTICKET;ChatFunnel;30;5000;MONTHLY;0;PREMIUM;TRUE;TRUE;0;
81PODG4WKGFD;LOWTICKET;ChatFunnel;30;5000;MONTHLY;0;PREMIUM;TRUE;TRUE;0;
DUFXTNHI9WGQ;LOWTICKET;ChatFunnel;30;5000;MONTHLY;0;PREMIUM;TRUE;TRUE;0;
GYGKTGMRQOW7;LOWTICKET;ChatFunnel;30;5000;MONTHLY;0;PREMIUM;TRUE;TRUE;0;
6XMX7QKB6ZJM;LOWTICKET;ChatFunnel;30;5000;MONTHLY;0;PREMIUM;TRUE;TRUE;0;
A6OTPDRGG95M;LOWTICKET;ChatFunnel;30;5000;MONTHLY;0;PREMIUM;TRUE;TRUE;0;
HGYAZOWQHFTY;LOWTICKET;ChatFunnel;30;5000;MONTHLY;0;PREMIUM;TRUE;TRUE;0;
VWVRAXO4QHY8;LOWTICKET;ChatFunnel;30;5000;MONTHLY;0;PREMIUM;TRUE;TRUE;0;
4HT6BAEAEJSS;LOWTICKET;ChatFunnel;30;5000;MONTHLY;0;PREMIUM;TRUE;TRUE;0;
71DNBGDS8H22;LOWTICKET;ChatFunnel;30;5000;MONTHLY;0;PREMIUM;TRUE;TRUE;0;
N57HHDFI52JG;LOWTICKET;ChatFunnel;30;5000;MONTHLY;0;PREMIUM;TRUE;TRUE;0;
0XCV95HMQOQ2;LOWTICKET;ChatFunnel;30;5000;MONTHLY;0;PREMIUM;TRUE;TRUE;0;
JC7RLPHTJUVQ;LOWTICKET;ChatFunnel;30;5000;MONTHLY;0;PREMIUM;TRUE;TRUE;0;
BRFZUS3D6RTO;LOWTICKET;ChatFunnel;30;5000;MONTHLY;0;PREMIUM;TRUE;TRUE;0;
H5DXNVHDYBMH;LOWTICKET;ChatFunnel;30;5000;MONTHLY;0;PREMIUM;TRUE;TRUE;0;
QHQKAWQBS9CO;LOWTICKET;ChatFunnel;30;5000;MONTHLY;0;PREMIUM;TRUE;TRUE;0;
KKV8MKJEKD45;LOWTICKET;ChatFunnel;30;5000;MONTHLY;0;PREMIUM;TRUE;TRUE;0;
FQNGGWJUP4LY;LOWTICKET;ChatFunnel;30;5000;MONTHLY;0;PREMIUM;TRUE;TRUE;0;
E4GITWP1WSRW;LOWTICKET;ChatFunnel;30;5000;MONTHLY;0;PREMIUM;TRUE;TRUE;0;
GVCAA4DVWPEB;LOWTICKET;ChatFunnel;30;5000;MONTHLY;0;PREMIUM;TRUE;TRUE;0;
B7IF82MQNVH6;LOWTICKET;ChatFunnel;30;5000;MONTHLY;0;PREMIUM;TRUE;TRUE;0;
EDQRFZNYCVAS;LOWTICKET;ChatFunnel;30;5000;MONTHLY;0;PREMIUM;TRUE;TRUE;0;
VWE97OIH0AGO;LOWTICKET;ChatFunnel;30;5000;MONTHLY;0;PREMIUM;TRUE;TRUE;0;
VTNDOOWMOZK9;LOWTICKET;ChatFunnel;30;5000;MONTHLY;0;PREMIUM;TRUE;TRUE;0;
WSVZXPJQKHEV;LOWTICKET;ChatFunnel;30;5000;MONTHLY;0;PREMIUM;TRUE;TRUE;0;
GXHDWJALKWLE;LOWTICKET;ChatFunnel;30;5000;MONTHLY;0;PREMIUM;TRUE;TRUE;0;
GB3POGFX3TIW;LOWTICKET;ChatFunnel;30;5000;MONTHLY;0;PREMIUM;TRUE;TRUE;0;
NFGSPBR3EA2U;LOWTICKET;ChatFunnel;30;5000;MONTHLY;0;PREMIUM;TRUE;TRUE;0;
9KSPZNXRWHBW;LOWTICKET;ChatFunnel;30;5000;MONTHLY;0;PREMIUM;TRUE;TRUE;0;
GA8FU4QQT2BT;LOWTICKET;ChatFunnel;30;5000;MONTHLY;0;PREMIUM;TRUE;TRUE;0;
TYYMWQXIB2Z1;LOWTICKET;ChatFunnel;30;5000;MONTHLY;0;PREMIUM;TRUE;TRUE;0;
MJQNQJOAKKVJ;LOWTICKET;ChatFunnel;30;5000;MONTHLY;0;PREMIUM;TRUE;TRUE;0;
UA5KKNCTJWLY;LOWTICKET;ChatFunnel;30;5000;MONTHLY;0;PREMIUM;TRUE;TRUE;0;
NIELEI17FG6U;LOWTICKET;ChatFunnel;30;5000;MONTHLY;0;PREMIUM;TRUE;TRUE;0;
WFZ0Y9TJU7VI;LOWTICKET;ChatFunnel;30;5000;MONTHLY;0;PREMIUM;TRUE;TRUE;0;
4EILQDSRF7SF;LOWTICKET;ChatFunnel;30;5000;MONTHLY;0;PREMIUM;TRUE;TRUE;0;
MYTYDUPWXPKL;LOWTICKET;ChatFunnel;30;5000;MONTHLY;0;PREMIUM;TRUE;TRUE;0;
74OXOKIOKZ23;LOWTICKET;ChatFunnel;30;5000;MONTHLY;0;PREMIUM;TRUE;TRUE;0;
HPIQ13NLZ6DA;LOWTICKET;ChatFunnel;30;5000;MONTHLY;0;PREMIUM;TRUE;TRUE;0;
FYJ0MC8JVE23;LOWTICKET;ChatFunnel;30;5000;MONTHLY;0;PREMIUM;TRUE;TRUE;0;
BUJWVNCEWJKO;LOWTICKET;ChatFunnel;30;5000;MONTHLY;0;PREMIUM;TRUE;TRUE;0;
JV4TWWQYIXCB;LOWTICKET;ChatFunnel;30;5000;MONTHLY;0;PREMIUM;TRUE;TRUE;0;
11RHXLPBJEKG;LOWTICKET;ChatFunnel;30;5000;MONTHLY;0;PREMIUM;TRUE;TRUE;0;
NRI8PA4KZC82;LOWTICKET;ChatFunnel;30;5000;MONTHLY;0;PREMIUM;TRUE;TRUE;0;
OL7LNPRP83FZ;LOWTICKET;ChatFunnel;30;5000;MONTHLY;0;PREMIUM;TRUE;TRUE;0;
2HNHXKTXFGT4;LOWTICKET;ChatFunnel;30;5000;MONTHLY;0;PREMIUM;TRUE;TRUE;0;
MIRYYRILKUGA;LOWTICKET;ChatFunnel;30;5000;MONTHLY;0;PREMIUM;TRUE;TRUE;0;
MOWOWLMITTCH;LOWTICKET;ChatFunnel;30;5000;MONTHLY;0;PREMIUM;TRUE;TRUE;0;
BGZCBIEHAPEE;LOWTICKET;ChatFunnel;30;5000;MONTHLY;0;PREMIUM;TRUE;TRUE;0;
0RPSZW9VRAWR;LOWTICKET;ChatFunnel;30;5000;MONTHLY;0;PREMIUM;TRUE;TRUE;0;
XGVCZCFABSFK;LOWTICKET;ChatFunnel;30;5000;MONTHLY;0;PREMIUM;TRUE;TRUE;0;
ITO6HMM7NYIX;LOWTICKET;ChatFunnel;30;5000;MONTHLY;0;PREMIUM;TRUE;TRUE;0;
H70IIV4K2PTW;LOWTICKET;ChatFunnel;30;5000;MONTHLY;0;PREMIUM;TRUE;TRUE;0;
1KIRF2VSDXOY;LOWTICKET;ChatFunnel;30;5000;MONTHLY;0;PREMIUM;TRUE;TRUE;0;
Z8UAFCVRBJNY;LOWTICKET;ChatFunnel;30;5000;MONTHLY;0;PREMIUM;TRUE;TRUE;0;
0YJNOIOJB8TB;LOWTICKET;ChatFunnel;30;5000;MONTHLY;0;PREMIUM;TRUE;TRUE;0;
4PV8QPRNWAW0;LOWTICKET;ChatFunnel;30;5000;MONTHLY;0;PREMIUM;TRUE;TRUE;0;
JQDVGXZHNB4U;LOWTICKET;ChatFunnel;30;5000;MONTHLY;0;PREMIUM;TRUE;TRUE;0;
HBITEAZ6D6IJ;LOWTICKET;ChatFunnel;30;5000;MONTHLY;0;PREMIUM;TRUE;TRUE;0;
Q1RDX6T9VSDU;LOWTICKET;ChatFunnel;30;5000;MONTHLY;0;PREMIUM;TRUE;TRUE;0;
CVVFFVTWUQ3T;LOWTICKET;ChatFunnel;30;5000;MONTHLY;0;PREMIUM;TRUE;TRUE;0;
FZ7FD84UVM23;LOWTICKET;ChatFunnel;30;5000;MONTHLY;0;PREMIUM;TRUE;TRUE;0;
J7S0CLWQZFOD;LOWTICKET;ChatFunnel;30;5000;MONTHLY;0;PREMIUM;TRUE;TRUE;0;
LEZAIMYRFWAG;LOWTICKET;ChatFunnel;30;5000;MONTHLY;0;PREMIUM;TRUE;TRUE;0;
GR0KEM80E3WL;LOWTICKET;ChatFunnel;30;5000;MONTHLY;0;PREMIUM;TRUE;TRUE;0;
ROMIDH1M1OH1;LOWTICKET;ChatFunnel;30;5000;MONTHLY;0;PREMIUM;TRUE;TRUE;0;
PE7RNQAQYNGR;LOWTICKET;ChatFunnel;30;5000;MONTHLY;0;PREMIUM;TRUE;TRUE;0;
6TJHECUNG6KT;LOWTICKET;ChatFunnel;30;5000;MONTHLY;0;PREMIUM;TRUE;TRUE;0;
5JJCALLXTIYW;LOWTICKET;ChatFunnel;30;5000;MONTHLY;0;PREMIUM;TRUE;TRUE;0;
G5J5MTNSM41I;LOWTICKET;ChatFunnel;30;5000;MONTHLY;0;PREMIUM;TRUE;TRUE;0;
L9AGIAXFV4EC;LOWTICKET;ChatFunnel;30;5000;MONTHLY;0;PREMIUM;TRUE;TRUE;0;
FWAOUIGSZ3KM;LOWTICKET;ChatFunnel;30;5000;MONTHLY;0;PREMIUM;TRUE;TRUE;0;
5RHRSC9OW9CZ;LOWTICKET;ChatFunnel;30;5000;MONTHLY;0;PREMIUM;TRUE;TRUE;0;
PMPAUEDFZPJI;LOWTICKET;ChatFunnel;30;5000;MONTHLY;0;PREMIUM;TRUE;TRUE;0;
TTHHYTNW1EAJ;LOWTICKET;ChatFunnel;30;5000;MONTHLY;0;PREMIUM;TRUE;TRUE;0;
AW56W74XHT3T;LOWTICKET;ChatFunnel;30;5000;MONTHLY;0;PREMIUM;TRUE;TRUE;0;
835X6WUUN0VN;LOWTICKET;ChatFunnel;30;5000;MONTHLY;0;PREMIUM;TRUE;TRUE;0;
4H95PIORAY79;LOWTICKET;ChatFunnel;30;5000;MONTHLY;0;PREMIUM;TRUE;TRUE;0;
MIPUA241XIRI;LOWTICKET;ChatFunnel;30;5000;MONTHLY;0;PREMIUM;TRUE;TRUE;0;
KCJE2WVJHNAG;LOWTICKET;ChatFunnel;30;5000;MONTHLY;0;PREMIUM;TRUE;TRUE;0;
SCE3CF0CILVL;LOWTICKET;ChatFunnel;30;5000;MONTHLY;0;PREMIUM;TRUE;TRUE;0;
7GE5R4IOVCGU;LOWTICKET;ChatFunnel;30;5000;MONTHLY;0;PREMIUM;TRUE;TRUE;0;
JDSLR7WGAE0U;LOWTICKET;ChatFunnel;30;5000;MONTHLY;0;PREMIUM;TRUE;TRUE;0;
XNMY6KMEWQK5;LOWTICKET;ChatFunnel;30;5000;MONTHLY;0;PREMIUM;TRUE;TRUE;0;
JUFQVYCSLFCC;LOWTICKET;ChatFunnel;30;5000;MONTHLY;0;PREMIUM;TRUE;TRUE;0;
PTAYALU0TOSR;LOWTICKET;ChatFunnel;30;5000;MONTHLY;0;PREMIUM;TRUE;TRUE;0;
2GFQZTASHG8T;LOWTICKET;ChatFunnel;30;5000;MONTHLY;0;PREMIUM;TRUE;TRUE;0;
TCCNLKYMOB4Q;LOWTICKET;ChatFunnel;30;5000;MONTHLY;0;PREMIUM;TRUE;TRUE;0;
JADLFYQNZ0FO;LOWTICKET;ChatFunnel;30;5000;MONTHLY;0;PREMIUM;TRUE;TRUE;0;
TYYUWLNUX5CR;LOWTICKET;ChatFunnel;30;5000;MONTHLY;0;PREMIUM;TRUE;TRUE;0;
OQSFUGKJPRAO;LOWTICKET;ChatFunnel;30;5000;MONTHLY;0;PREMIUM;TRUE;TRUE;0;
DU73WQZRACLT;LOWTICKET;ChatFunnel;30;5000;MONTHLY;0;PREMIUM;TRUE;TRUE;0;
AYC7F7DBBMBM;LOWTICKET;ChatFunnel;30;5000;MONTHLY;0;PREMIUM;TRUE;TRUE;0;
XUTWZRKXOZF0;LOWTICKET;ChatFunnel;30;5000;MONTHLY;0;PREMIUM;TRUE;TRUE;0;
KR5IDZ24VRXK;LOWTICKET;ChatFunnel;30;5000;MONTHLY;0;PREMIUM;TRUE;TRUE;0;
PKTJA7SPHMPX;LOWTICKET;ChatFunnel;30;5000;MONTHLY;0;PREMIUM;TRUE;TRUE;0;
YY7BNYCBHWXC;LOWTICKET;ChatFunnel;30;5000;MONTHLY;0;PREMIUM;TRUE;TRUE;0;
T0WWQSOCUCBD;LOWTICKET;ChatFunnel;30;5000;MONTHLY;0;PREMIUM;TRUE;TRUE;0;
QRCCZ1DRQCNT;LOWTICKET;ChatFunnel;30;5000;MONTHLY;0;PREMIUM;TRUE;TRUE;0;
HELNOA9WBPRV;LOWTICKET;ChatFunnel;30;5000;MONTHLY;0;PREMIUM;TRUE;TRUE;0;
S40W5ZWOCCX4;LOWTICKET;ChatFunnel;30;5000;MONTHLY;0;PREMIUM;TRUE;TRUE;0;
Y4NUV6QDX2QK;LOWTICKET;ChatFunnel;30;5000;MONTHLY;0;PREMIUM;TRUE;TRUE;0;
4Y6EYEATIDXX;LOWTICKET;ChatFunnel;30;5000;MONTHLY;0;PREMIUM;TRUE;TRUE;0;
LNIBFR84HDHD;LOWTICKET;ChatFunnel;30;5000;MONTHLY;0;PREMIUM;TRUE;TRUE;0;
4UXKIT4KX29P;LOWTICKET;ChatFunnel;30;5000;MONTHLY;0;PREMIUM;TRUE;TRUE;0;
FONFJ5AUOF33;LOWTICKET;ChatFunnel;30;5000;MONTHLY;0;PREMIUM;TRUE;TRUE;0;
YOR0SE0ZO6FI;LOWTICKET;ChatFunnel;30;5000;MONTHLY;0;PREMIUM;TRUE;TRUE;0;
IBJYL7N2LWPW;LOWTICKET;ChatFunnel;30;5000;MONTHLY;0;PREMIUM;TRUE;TRUE;0;
QCWTTVFPJEI8;LOWTICKET;ChatFunnel;30;5000;MONTHLY;0;PREMIUM;TRUE;TRUE;0;
BWAFVCHCTXEV;LOWTICKET;ChatFunnel;30;5000;MONTHLY;0;PREMIUM;TRUE;TRUE;0;
WMDJB4GWVXS2;LOWTICKET;ChatFunnel;30;5000;MONTHLY;0;PREMIUM;TRUE;TRUE;0;
4IR0WHGTNGB9;LOWTICKET;ChatFunnel;30;5000;MONTHLY;0;PREMIUM;TRUE;TRUE;0;
KBMMDN6IATHW;LOWTICKET;ChatFunnel;30;5000;MONTHLY;0;PREMIUM;TRUE;TRUE;0;
GSXS7MVQJLIG;LOWTICKET;ChatFunnel;30;5000;MONTHLY;0;PREMIUM;TRUE;TRUE;0;
GFPLMSKHT9NR;LOWTICKET;ChatFunnel;30;5000;MONTHLY;0;PREMIUM;TRUE;TRUE;0;
ER5RBKVD5NBB;LOWTICKET;ChatFunnel;30;5000;MONTHLY;0;PREMIUM;TRUE;TRUE;0;
AIDGBCLXJZNB;LOWTICKET;ChatFunnel;30;5000;MONTHLY;0;PREMIUM;TRUE;TRUE;0;
QP5BXWPWOS3T;LOWTICKET;ChatFunnel;30;5000;MONTHLY;0;PREMIUM;TRUE;TRUE;0;
WKWJF8656HBE;LOWTICKET;ChatFunnel;30;5000;MONTHLY;0;PREMIUM;TRUE;TRUE;0;
43RIJISCWG3U;LOWTICKET;ChatFunnel;30;5000;MONTHLY;0;PREMIUM;TRUE;TRUE;0;
DPAVDMHEDWTO;LOWTICKET;ChatFunnel;30;5000;MONTHLY;0;PREMIUM;TRUE;TRUE;0;
Q2HICABBXPVD;LOWTICKET;ChatFunnel;30;5000;MONTHLY;0;PREMIUM;TRUE;TRUE;0;
6KP6E6MUQ1C8;LOWTICKET;ChatFunnel;30;5000;MONTHLY;0;PREMIUM;TRUE;TRUE;0;
G5ECJ7QOHVN8;LOWTICKET;ChatFunnel;30;5000;MONTHLY;0;PREMIUM;TRUE;TRUE;0;
5N3YA6EZOVHB;LOWTICKET;ChatFunnel;30;5000;MONTHLY;0;PREMIUM;TRUE;TRUE;0;
TFEN8TQVH0ZH;LOWTICKET;ChatFunnel;30;5000;MONTHLY;0;PREMIUM;TRUE;TRUE;0;
CZ4ICVPVAIS1;LOWTICKET;ChatFunnel;30;5000;MONTHLY;0;PREMIUM;TRUE;TRUE;0;
A8RB3PHUZNH6;LOWTICKET;ChatFunnel;30;5000;MONTHLY;0;PREMIUM;TRUE;TRUE;0;
NME2QDZZJOZG;LOWTICKET;ChatFunnel;30;5000;MONTHLY;0;PREMIUM;TRUE;TRUE;0;
CGO2XKV1CQJW;LOWTICKET;ChatFunnel;30;5000;MONTHLY;0;PREMIUM;TRUE;TRUE;0;
LKKAXQRM740V;LOWTICKET;ChatFunnel;30;5000;MONTHLY;0;PREMIUM;TRUE;TRUE;0;
AN79PMPDK68Q;LOWTICKET;ChatFunnel;30;5000;MONTHLY;0;PREMIUM;TRUE;TRUE;0;
XBNYKCDK3NYY;LOWTICKET;ChatFunnel;30;5000;MONTHLY;0;PREMIUM;TRUE;TRUE;0;
QGF4JGUCN4QJ;LOWTICKET;ChatFunnel;30;5000;MONTHLY;0;PREMIUM;TRUE;TRUE;0;
8WJTMGMUXTIE;LOWTICKET;ChatFunnel;30;5000;MONTHLY;0;PREMIUM;TRUE;TRUE;0;
NT0XCYBZND1E;LOWTICKET;ChatFunnel;30;5000;MONTHLY;0;PREMIUM;TRUE;TRUE;0;
SNGOE0EADSCZ;LOWTICKET;ChatFunnel;30;5000;MONTHLY;0;PREMIUM;TRUE;TRUE;0;
6LV9RRL9TPEI;LOWTICKET;ChatFunnel;30;5000;MONTHLY;0;PREMIUM;TRUE;TRUE;0;
7E81EUCQDWEL;LOWTICKET;ChatFunnel;30;5000;MONTHLY;0;PREMIUM;TRUE;TRUE;0;
H4U34SJLJY6A;LOWTICKET;ChatFunnel;30;5000;MONTHLY;0;PREMIUM;TRUE;TRUE;0;
VYZVZFNWFIXN;LOWTICKET;ChatFunnel;30;5000;MONTHLY;0;PREMIUM;TRUE;TRUE;0;
YP7QH7SFGCOO;LOWTICKET;ChatFunnel;30;5000;MONTHLY;0;PREMIUM;TRUE;TRUE;0;
PJX9WQHXTAB5;LOWTICKET;ChatFunnel;30;5000;MONTHLY;0;PREMIUM;TRUE;TRUE;0;
JOJJSXRXZSAF;LOWTICKET;ChatFunnel;30;5000;MONTHLY;0;PREMIUM;TRUE;TRUE;0;
BTQDB6NOQMHW;LOWTICKET;ChatFunnel;30;5000;MONTHLY;0;PREMIUM;TRUE;TRUE;0;
