Nome,E-mail,Telefone 
João Da Silva,joao@gmail.com,5511998341739
Lucas Paulo,lucaspaulo@outlook.com,14316886977
Contato Importação 0001,contato0001@example.com,
Contato Importação 0002,contato0002@example.com,
Contato Importação 0003,contato0003@example.com,
Contato Importação 0004,contato0004@example.com,
Contato Importação 0005,contato0005@example.com,
Contato Importação 0006,contato0006@example.com,
Contato Importação 0007,contato0007@example.com,
Contato Importação 0008,contato0008@example.com,
Contato Importação 0009,contato0009@example.com,
Contato Importação 0010,contato0010@example.com,
Contato Importação 0011,contato0011@example.com,
Contato Importação 0012,contato0012@example.com,
Contato Importação 0013,contato0013@example.com,
Contato Importação 0014,contato0014@example.com,
Contato Importação 0015,contato0015@example.com,
Contato Importação 0016,contato0016@example.com,
Contato Importação 0017,contato0017@example.com,
Contato Importação 0018,contato0018@example.com,
Contato Importação 0019,contato0019@example.com,
Contato Importação 0020,contato0020@example.com,
Contato Importação 0021,contato0021@example.com,
Contato Importação 0022,contato0022@example.com,
Contato Importação 0023,contato0023@example.com,
Contato Importação 0024,contato0024@example.com,
Contato Importação 0025,contato0025@example.com,
Contato Importação 0026,contato0026@example.com,
Contato Importação 0027,contato0027@example.com,
Contato Importação 0028,contato0028@example.com,
Contato Importação 0029,contato0029@example.com,
Contato Importação 0030,contato0030@example.com,
Contato Importação 0031,contato0031@example.com,
Contato Importação 0032,contato0032@example.com,
Contato Importação 0033,contato0033@example.com,
Contato Importação 0034,contato0034@example.com,
Contato Importação 0035,contato0035@example.com,
Contato Importação 0036,contato0036@example.com,
Contato Importação 0037,contato0037@example.com,
Contato Importação 0038,contato0038@example.com,
Contato Importação 0039,contato0039@example.com,
Contato Importação 0040,contato0040@example.com,
Contato Importação 0041,contato0041@example.com,
Contato Importação 0042,contato0042@example.com,
Contato Importação 0043,contato0043@example.com,
Contato Importação 0044,contato0044@example.com,
Contato Importação 0045,contato0045@example.com,
Contato Importação 0046,contato0046@example.com,
Contato Importação 0047,contato0047@example.com,
Contato Importação 0048,contato0048@example.com,
Contato Importação 0049,contato0049@example.com,
Contato Importação 0050,contato0050@example.com,
Contato Importação 0051,contato0051@example.com,
Contato Importação 0052,contato0052@example.com,
Contato Importação 0053,contato0053@example.com,
Contato Importação 0054,contato0054@example.com,
Contato Importação 0055,contato0055@example.com,
Contato Importação 0056,contato0056@example.com,
Contato Importação 0057,contato0057@example.com,
Contato Importação 0058,contato0058@example.com,
Contato Importação 0059,contato0059@example.com,
Contato Importação 0060,contato0060@example.com,
Contato Importação 0061,contato0061@example.com,
Contato Importação 0062,contato0062@example.com,
Contato Importação 0063,contato0063@example.com,
Contato Importação 0064,contato0064@example.com,
Contato Importação 0065,contato0065@example.com,
Contato Importação 0066,contato0066@example.com,
Contato Importação 0067,contato0067@example.com,
Contato Importação 0068,contato0068@example.com,
Contato Importação 0069,contato0069@example.com,
Contato Importação 0070,contato0070@example.com,
Contato Importação 0071,contato0071@example.com,
Contato Importação 0072,contato0072@example.com,
Contato Importação 0073,contato0073@example.com,
Contato Importação 0074,contato0074@example.com,
Contato Importação 0075,contato0075@example.com,
Contato Importação 0076,contato0076@example.com,
Contato Importação 0077,contato0077@example.com,
Contato Importação 0078,contato0078@example.com,
Contato Importação 0079,contato0079@example.com,
Contato Importação 0080,contato0080@example.com,
Contato Importação 0081,contato0081@example.com,
Contato Importação 0082,contato0082@example.com,
Contato Importação 0083,contato0083@example.com,
Contato Importação 0084,contato0084@example.com,
Contato Importação 0085,contato0085@example.com,
Contato Importação 0086,contato0086@example.com,
Contato Importação 0087,contato0087@example.com,
Contato Importação 0088,contato0088@example.com,
Contato Importação 0089,contato0089@example.com,
Contato Importação 0090,contato0090@example.com,
Contato Importação 0091,contato0091@example.com,
Contato Importação 0092,contato0092@example.com,
Contato Importação 0093,contato0093@example.com,
Contato Importação 0094,contato0094@example.com,
Contato Importação 0095,contato0095@example.com,
Contato Importação 0096,contato0096@example.com,
Contato Importação 0097,contato0097@example.com,
Contato Importação 0098,contato0098@example.com,
Contato Importação 0099,contato0099@example.com,
Contato Importação 0100,contato0100@example.com,
Contato Importação 0101,contato0101@example.com,
Contato Importação 0102,contato0102@example.com,
Contato Importação 0103,contato0103@example.com,
Contato Importação 0104,contato0104@example.com,
Contato Importação 0105,contato0105@example.com,
Contato Importação 0106,contato0106@example.com,
Contato Importação 0107,contato0107@example.com,
Contato Importação 0108,contato0108@example.com,
Contato Importação 0109,contato0109@example.com,
Contato Importação 0110,contato0110@example.com,
Contato Importação 0111,contato0111@example.com,
Contato Importação 0112,contato0112@example.com,
Contato Importação 0113,contato0113@example.com,
Contato Importação 0114,contato0114@example.com,
Contato Importação 0115,contato0115@example.com,
Contato Importação 0116,contato0116@example.com,
Contato Importação 0117,contato0117@example.com,
Contato Importação 0118,contato0118@example.com,
Contato Importação 0119,contato0119@example.com,
Contato Importação 0120,contato0120@example.com,
Contato Importação 0121,contato0121@example.com,
Contato Importação 0122,contato0122@example.com,
Contato Importação 0123,contato0123@example.com,
Contato Importação 0124,contato0124@example.com,
Contato Importação 0125,contato0125@example.com,
Contato Importação 0126,contato0126@example.com,
Contato Importação 0127,contato0127@example.com,
Contato Importação 0128,contato0128@example.com,
Contato Importação 0129,contato0129@example.com,
Contato Importação 0130,contato0130@example.com,
Contato Importação 0131,contato0131@example.com,
Contato Importação 0132,contato0132@example.com,
Contato Importação 0133,contato0133@example.com,
Contato Importação 0134,contato0134@example.com,
Contato Importação 0135,contato0135@example.com,
Contato Importação 0136,contato0136@example.com,
Contato Importação 0137,contato0137@example.com,
Contato Importação 0138,contato0138@example.com,
Contato Importação 0139,contato0139@example.com,
Contato Importação 0140,contato0140@example.com,
Contato Importação 0141,contato0141@example.com,
Contato Importação 0142,contato0142@example.com,
Contato Importação 0143,contato0143@example.com,
Contato Importação 0144,contato0144@example.com,
Contato Importação 0145,contato0145@example.com,
Contato Importação 0146,contato0146@example.com,
Contato Importação 0147,contato0147@example.com,
Contato Importação 0148,contato0148@example.com,
Contato Importação 0149,contato0149@example.com,
Contato Importação 0150,contato0150@example.com,
Contato Importação 0151,contato0151@example.com,
Contato Importação 0152,contato0152@example.com,
Contato Importação 0153,contato0153@example.com,
Contato Importação 0154,contato0154@example.com,
Contato Importação 0155,contato0155@example.com,
Contato Importação 0156,contato0156@example.com,
Contato Importação 0157,contato0157@example.com,
Contato Importação 0158,contato0158@example.com,
Contato Importação 0159,contato0159@example.com,
Contato Importação 0160,contato0160@example.com,
Contato Importação 0161,contato0161@example.com,
Contato Importação 0162,contato0162@example.com,
Contato Importação 0163,contato0163@example.com,
Contato Importação 0164,contato0164@example.com,
Contato Importação 0165,contato0165@example.com,
Contato Importação 0166,contato0166@example.com,
Contato Importação 0167,contato0167@example.com,
Contato Importação 0168,contato0168@example.com,
Contato Importação 0169,contato0169@example.com,
Contato Importação 0170,contato0170@example.com,
Contato Importação 0171,contato0171@example.com,
Contato Importação 0172,contato0172@example.com,
Contato Importação 0173,contato0173@example.com,
Contato Importação 0174,contato0174@example.com,
Contato Importação 0175,contato0175@example.com,
Contato Importação 0176,contato0176@example.com,
Contato Importação 0177,contato0177@example.com,
Contato Importação 0178,contato0178@example.com,
Contato Importação 0179,contato0179@example.com,
Contato Importação 0180,contato0180@example.com,
Contato Importação 0181,contato0181@example.com,
Contato Importação 0182,contato0182@example.com,
Contato Importação 0183,contato0183@example.com,
Contato Importação 0184,contato0184@example.com,
Contato Importação 0185,contato0185@example.com,
Contato Importação 0186,contato0186@example.com,
Contato Importação 0187,contato0187@example.com,
Contato Importação 0188,contato0188@example.com,
Contato Importação 0189,contato0189@example.com,
Contato Importação 0190,contato0190@example.com,
Contato Importação 0191,contato0191@example.com,
Contato Importação 0192,contato0192@example.com,
Contato Importação 0193,contato0193@example.com,
Contato Importação 0194,contato0194@example.com,
Contato Importação 0195,contato0195@example.com,
Contato Importação 0196,contato0196@example.com,
Contato Importação 0197,contato0197@example.com,
Contato Importação 0198,contato0198@example.com,
Contato Importação 0199,contato0199@example.com,
Contato Importação 0200,contato0200@example.com,
Contato Importação 0201,contato0201@example.com,
Contato Importação 0202,contato0202@example.com,
Contato Importação 0203,contato0203@example.com,
Contato Importação 0204,contato0204@example.com,
Contato Importação 0205,contato0205@example.com,
Contato Importação 0206,contato0206@example.com,
Contato Importação 0207,contato0207@example.com,
Contato Importação 0208,contato0208@example.com,
Contato Importação 0209,contato0209@example.com,
Contato Importação 0210,contato0210@example.com,
Contato Importação 0211,contato0211@example.com,
Contato Importação 0212,contato0212@example.com,
Contato Importação 0213,contato0213@example.com,
Contato Importação 0214,contato0214@example.com,
Contato Importação 0215,contato0215@example.com,
Contato Importação 0216,contato0216@example.com,
Contato Importação 0217,contato0217@example.com,
Contato Importação 0218,contato0218@example.com,
Contato Importação 0219,contato0219@example.com,
Contato Importação 0220,contato0220@example.com,
Contato Importação 0221,contato0221@example.com,
Contato Importação 0222,contato0222@example.com,
Contato Importação 0223,contato0223@example.com,
Contato Importação 0224,contato0224@example.com,
Contato Importação 0225,contato0225@example.com,
Contato Importação 0226,contato0226@example.com,
Contato Importação 0227,contato0227@example.com,
Contato Importação 0228,contato0228@example.com,
Contato Importação 0229,contato0229@example.com,
Contato Importação 0230,contato0230@example.com,
Contato Importação 0231,contato0231@example.com,
Contato Importação 0232,contato0232@example.com,
Contato Importação 0233,contato0233@example.com,
Contato Importação 0234,contato0234@example.com,
Contato Importação 0235,contato0235@example.com,
Contato Importação 0236,contato0236@example.com,
Contato Importação 0237,contato0237@example.com,
Contato Importação 0238,contato0238@example.com,
Contato Importação 0239,contato0239@example.com,
Contato Importação 0240,contato0240@example.com,
Contato Importação 0241,contato0241@example.com,
Contato Importação 0242,contato0242@example.com,
Contato Importação 0243,contato0243@example.com,
Contato Importação 0244,contato0244@example.com,
Contato Importação 0245,contato0245@example.com,
Contato Importação 0246,contato0246@example.com,
Contato Importação 0247,contato0247@example.com,
Contato Importação 0248,contato0248@example.com,
Contato Importação 0249,contato0249@example.com,
Contato Importação 0250,contato0250@example.com,
Contato Importação 0251,contato0251@example.com,
Contato Importação 0252,contato0252@example.com,
Contato Importação 0253,contato0253@example.com,
Contato Importação 0254,contato0254@example.com,
Contato Importação 0255,contato0255@example.com,
Contato Importação 0256,contato0256@example.com,
Contato Importação 0257,contato0257@example.com,
Contato Importação 0258,contato0258@example.com,
Contato Importação 0259,contato0259@example.com,
Contato Importação 0260,contato0260@example.com,
Contato Importação 0261,contato0261@example.com,
Contato Importação 0262,contato0262@example.com,
Contato Importação 0263,contato0263@example.com,
Contato Importação 0264,contato0264@example.com,
Contato Importação 0265,contato0265@example.com,
Contato Importação 0266,contato0266@example.com,
Contato Importação 0267,contato0267@example.com,
Contato Importação 0268,contato0268@example.com,
Contato Importação 0269,contato0269@example.com,
Contato Importação 0270,contato0270@example.com,
Contato Importação 0271,contato0271@example.com,
Contato Importação 0272,contato0272@example.com,
Contato Importação 0273,contato0273@example.com,
Contato Importação 0274,contato0274@example.com,
Contato Importação 0275,contato0275@example.com,
Contato Importação 0276,contato0276@example.com,
Contato Importação 0277,contato0277@example.com,
Contato Importação 0278,contato0278@example.com,
Contato Importação 0279,contato0279@example.com,
Contato Importação 0280,contato0280@example.com,
Contato Importação 0281,contato0281@example.com,
Contato Importação 0282,contato0282@example.com,
Contato Importação 0283,contato0283@example.com,
Contato Importação 0284,contato0284@example.com,
Contato Importação 0285,contato0285@example.com,
Contato Importação 0286,contato0286@example.com,
Contato Importação 0287,contato0287@example.com,
Contato Importação 0288,contato0288@example.com,
Contato Importação 0289,contato0289@example.com,
Contato Importação 0290,contato0290@example.com,
Contato Importação 0291,contato0291@example.com,
Contato Importação 0292,contato0292@example.com,
Contato Importação 0293,contato0293@example.com,
Contato Importação 0294,contato0294@example.com,
Contato Importação 0295,contato0295@example.com,
Contato Importação 0296,contato0296@example.com,
Contato Importação 0297,contato0297@example.com,
Contato Importação 0298,contato0298@example.com,
Contato Importação 0299,contato0299@example.com,
Contato Importação 0300,contato0300@example.com,
Contato Importação 0301,contato0301@example.com,
Contato Importação 0302,contato0302@example.com,
Contato Importação 0303,contato0303@example.com,
Contato Importação 0304,contato0304@example.com,
Contato Importação 0305,contato0305@example.com,
Contato Importação 0306,contato0306@example.com,
Contato Importação 0307,contato0307@example.com,
Contato Importação 0308,contato0308@example.com,
Contato Importação 0309,contato0309@example.com,
Contato Importação 0310,contato0310@example.com,
Contato Importação 0311,contato0311@example.com,
Contato Importação 0312,contato0312@example.com,
Contato Importação 0313,contato0313@example.com,
Contato Importação 0314,contato0314@example.com,
Contato Importação 0315,contato0315@example.com,
Contato Importação 0316,contato0316@example.com,
Contato Importação 0317,contato0317@example.com,
Contato Importação 0318,contato0318@example.com,
Contato Importação 0319,contato0319@example.com,
Contato Importação 0320,contato0320@example.com,
Contato Importação 0321,contato0321@example.com,
Contato Importação 0322,contato0322@example.com,
Contato Importação 0323,contato0323@example.com,
Contato Importação 0324,contato0324@example.com,
Contato Importação 0325,contato0325@example.com,
Contato Importação 0326,contato0326@example.com,
Contato Importação 0327,contato0327@example.com,
Contato Importação 0328,contato0328@example.com,
Contato Importação 0329,contato0329@example.com,
Contato Importação 0330,contato0330@example.com,
Contato Importação 0331,contato0331@example.com,
Contato Importação 0332,contato0332@example.com,
Contato Importação 0333,contato0333@example.com,
Contato Importação 0334,contato0334@example.com,
Contato Importação 0335,contato0335@example.com,
Contato Importação 0336,contato0336@example.com,
Contato Importação 0337,contato0337@example.com,
Contato Importação 0338,contato0338@example.com,
Contato Importação 0339,contato0339@example.com,
Contato Importação 0340,contato0340@example.com,
Contato Importação 0341,contato0341@example.com,
Contato Importação 0342,contato0342@example.com,
Contato Importação 0343,contato0343@example.com,
Contato Importação 0344,contato0344@example.com,
Contato Importação 0345,contato0345@example.com,
Contato Importação 0346,contato0346@example.com,
Contato Importação 0347,contato0347@example.com,
Contato Importação 0348,contato0348@example.com,
Contato Importação 0349,contato0349@example.com,
Contato Importação 0350,contato0350@example.com,
Contato Importação 0351,contato0351@example.com,
Contato Importação 0352,contato0352@example.com,
Contato Importação 0353,contato0353@example.com,
Contato Importação 0354,contato0354@example.com,
Contato Importação 0355,contato0355@example.com,
Contato Importação 0356,contato0356@example.com,
Contato Importação 0357,contato0357@example.com,
Contato Importação 0358,contato0358@example.com,
Contato Importação 0359,contato0359@example.com,
Contato Importação 0360,contato0360@example.com,
Contato Importação 0361,contato0361@example.com,
Contato Importação 0362,contato0362@example.com,
Contato Importação 0363,contato0363@example.com,
Contato Importação 0364,contato0364@example.com,
Contato Importação 0365,contato0365@example.com,
Contato Importação 0366,contato0366@example.com,
Contato Importação 0367,contato0367@example.com,
Contato Importação 0368,contato0368@example.com,
Contato Importação 0369,contato0369@example.com,
Contato Importação 0370,contato0370@example.com,
Contato Importação 0371,contato0371@example.com,
Contato Importação 0372,contato0372@example.com,
Contato Importação 0373,contato0373@example.com,
Contato Importação 0374,contato0374@example.com,
Contato Importação 0375,contato0375@example.com,
Contato Importação 0376,contato0376@example.com,
Contato Importação 0377,contato0377@example.com,
Contato Importação 0378,contato0378@example.com,
Contato Importação 0379,contato0379@example.com,
Contato Importação 0380,contato0380@example.com,
Contato Importação 0381,contato0381@example.com,
Contato Importação 0382,contato0382@example.com,
Contato Importação 0383,contato0383@example.com,
Contato Importação 0384,contato0384@example.com,
Contato Importação 0385,contato0385@example.com,
Contato Importação 0386,contato0386@example.com,
Contato Importação 0387,contato0387@example.com,
Contato Importação 0388,contato0388@example.com,
Contato Importação 0389,contato0389@example.com,
Contato Importação 0390,contato0390@example.com,
Contato Importação 0391,contato0391@example.com,
Contato Importação 0392,contato0392@example.com,
Contato Importação 0393,contato0393@example.com,
Contato Importação 0394,contato0394@example.com,
Contato Importação 0395,contato0395@example.com,
Contato Importação 0396,contato0396@example.com,
Contato Importação 0397,contato0397@example.com,
Contato Importação 0398,contato0398@example.com,
Contato Importação 0399,contato0399@example.com,
Contato Importação 0400,contato0400@example.com,
Contato Importação 0401,contato0401@example.com,
Contato Importação 0402,contato0402@example.com,
Contato Importação 0403,contato0403@example.com,
Contato Importação 0404,contato0404@example.com,
Contato Importação 0405,contato0405@example.com,
Contato Importação 0406,contato0406@example.com,
Contato Importação 0407,contato0407@example.com,
Contato Importação 0408,contato0408@example.com,
Contato Importação 0409,contato0409@example.com,
Contato Importação 0410,contato0410@example.com,
Contato Importação 0411,contato0411@example.com,
Contato Importação 0412,contato0412@example.com,
Contato Importação 0413,contato0413@example.com,
Contato Importação 0414,contato0414@example.com,
Contato Importação 0415,contato0415@example.com,
Contato Importação 0416,contato0416@example.com,
Contato Importação 0417,contato0417@example.com,
Contato Importação 0418,contato0418@example.com,
Contato Importação 0419,contato0419@example.com,
Contato Importação 0420,contato0420@example.com,
Contato Importação 0421,contato0421@example.com,
Contato Importação 0422,contato0422@example.com,
Contato Importação 0423,contato0423@example.com,
Contato Importação 0424,contato0424@example.com,
Contato Importação 0425,contato0425@example.com,
Contato Importação 0426,contato0426@example.com,
Contato Importação 0427,contato0427@example.com,
Contato Importação 0428,contato0428@example.com,
Contato Importação 0429,contato0429@example.com,
Contato Importação 0430,contato0430@example.com,
Contato Importação 0431,contato0431@example.com,
Contato Importação 0432,contato0432@example.com,
Contato Importação 0433,contato0433@example.com,
Contato Importação 0434,contato0434@example.com,
Contato Importação 0435,contato0435@example.com,
Contato Importação 0436,contato0436@example.com,
Contato Importação 0437,contato0437@example.com,
Contato Importação 0438,contato0438@example.com,
Contato Importação 0439,contato0439@example.com,
Contato Importação 0440,contato0440@example.com,
Contato Importação 0441,contato0441@example.com,
Contato Importação 0442,contato0442@example.com,
Contato Importação 0443,contato0443@example.com,
Contato Importação 0444,contato0444@example.com,
Contato Importação 0445,contato0445@example.com,
Contato Importação 0446,contato0446@example.com,
Contato Importação 0447,contato0447@example.com,
Contato Importação 0448,contato0448@example.com,
Contato Importação 0449,contato0449@example.com,
Contato Importação 0450,contato0450@example.com,
Contato Importação 0451,contato0451@example.com,
Contato Importação 0452,contato0452@example.com,
Contato Importação 0453,contato0453@example.com,
Contato Importação 0454,contato0454@example.com,
Contato Importação 0455,contato0455@example.com,
Contato Importação 0456,contato0456@example.com,
Contato Importação 0457,contato0457@example.com,
Contato Importação 0458,contato0458@example.com,
Contato Importação 0459,contato0459@example.com,
Contato Importação 0460,contato0460@example.com,
Contato Importação 0461,contato0461@example.com,
Contato Importação 0462,contato0462@example.com,
Contato Importação 0463,contato0463@example.com,
Contato Importação 0464,contato0464@example.com,
Contato Importação 0465,contato0465@example.com,
Contato Importação 0466,contato0466@example.com,
Contato Importação 0467,contato0467@example.com,
Contato Importação 0468,contato0468@example.com,
Contato Importação 0469,contato0469@example.com,
Contato Importação 0470,contato0470@example.com,
Contato Importação 0471,contato0471@example.com,
Contato Importação 0472,contato0472@example.com,
Contato Importação 0473,contato0473@example.com,
Contato Importação 0474,contato0474@example.com,
Contato Importação 0475,contato0475@example.com,
Contato Importação 0476,contato0476@example.com,
Contato Importação 0477,contato0477@example.com,
Contato Importação 0478,contato0478@example.com,
Contato Importação 0479,contato0479@example.com,
Contato Importação 0480,contato0480@example.com,
Contato Importação 0481,contato0481@example.com,
Contato Importação 0482,contato0482@example.com,
Contato Importação 0483,contato0483@example.com,
Contato Importação 0484,contato0484@example.com,
Contato Importação 0485,contato0485@example.com,
Contato Importação 0486,contato0486@example.com,
Contato Importação 0487,contato0487@example.com,
Contato Importação 0488,contato0488@example.com,
Contato Importação 0489,contato0489@example.com,
Contato Importação 0490,contato0490@example.com,
Contato Importação 0491,contato0491@example.com,
Contato Importação 0492,contato0492@example.com,
Contato Importação 0493,contato0493@example.com,
Contato Importação 0494,contato0494@example.com,
Contato Importação 0495,contato0495@example.com,
Contato Importação 0496,contato0496@example.com,
Contato Importação 0497,contato0497@example.com,
Contato Importação 0498,contato0498@example.com,
Contato Importação 0499,contato0499@example.com,
Contato Importação 0500,contato0500@example.com,
Contato Importação 0501,contato0501@example.com,
Contato Importação 0502,contato0502@example.com,
Contato Importação 0503,contato0503@example.com,
Contato Importação 0504,contato0504@example.com,
Contato Importação 0505,contato0505@example.com,
Contato Importação 0506,contato0506@example.com,
Contato Importação 0507,contato0507@example.com,
Contato Importação 0508,contato0508@example.com,
Contato Importação 0509,contato0509@example.com,
Contato Importação 0510,contato0510@example.com,
Contato Importação 0511,contato0511@example.com,
Contato Importação 0512,contato0512@example.com,
Contato Importação 0513,contato0513@example.com,
Contato Importação 0514,contato0514@example.com,
Contato Importação 0515,contato0515@example.com,
Contato Importação 0516,contato0516@example.com,
Contato Importação 0517,contato0517@example.com,
Contato Importação 0518,contato0518@example.com,
Contato Importação 0519,contato0519@example.com,
Contato Importação 0520,contato0520@example.com,
Contato Importação 0521,contato0521@example.com,
Contato Importação 0522,contato0522@example.com,
Contato Importação 0523,contato0523@example.com,
Contato Importação 0524,contato0524@example.com,
Contato Importação 0525,contato0525@example.com,
Contato Importação 0526,contato0526@example.com,
Contato Importação 0527,contato0527@example.com,
Contato Importação 0528,contato0528@example.com,
Contato Importação 0529,contato0529@example.com,
Contato Importação 0530,contato0530@example.com,
Contato Importação 0531,contato0531@example.com,
Contato Importação 0532,contato0532@example.com,
Contato Importação 0533,contato0533@example.com,
Contato Importação 0534,contato0534@example.com,
Contato Importação 0535,contato0535@example.com,
Contato Importação 0536,contato0536@example.com,
Contato Importação 0537,contato0537@example.com,
Contato Importação 0538,contato0538@example.com,
Contato Importação 0539,contato0539@example.com,
Contato Importação 0540,contato0540@example.com,
Contato Importação 0541,contato0541@example.com,
Contato Importação 0542,contato0542@example.com,
Contato Importação 0543,contato0543@example.com,
Contato Importação 0544,contato0544@example.com,
Contato Importação 0545,contato0545@example.com,
Contato Importação 0546,contato0546@example.com,
Contato Importação 0547,contato0547@example.com,
Contato Importação 0548,contato0548@example.com,
Contato Importação 0549,contato0549@example.com,
Contato Importação 0550,contato0550@example.com,
Contato Importação 0551,contato0551@example.com,
Contato Importação 0552,contato0552@example.com,
Contato Importação 0553,contato0553@example.com,
Contato Importação 0554,contato0554@example.com,
Contato Importação 0555,contato0555@example.com,
Contato Importação 0556,contato0556@example.com,
Contato Importação 0557,contato0557@example.com,
Contato Importação 0558,contato0558@example.com,
Contato Importação 0559,contato0559@example.com,
Contato Importação 0560,contato0560@example.com,
Contato Importação 0561,contato0561@example.com,
Contato Importação 0562,contato0562@example.com,
Contato Importação 0563,contato0563@example.com,
Contato Importação 0564,contato0564@example.com,
Contato Importação 0565,contato0565@example.com,
Contato Importação 0566,contato0566@example.com,
Contato Importação 0567,contato0567@example.com,
Contato Importação 0568,contato0568@example.com,
Contato Importação 0569,contato0569@example.com,
Contato Importação 0570,contato0570@example.com,
Contato Importação 0571,contato0571@example.com,
Contato Importação 0572,contato0572@example.com,
Contato Importação 0573,contato0573@example.com,
Contato Importação 0574,contato0574@example.com,
Contato Importação 0575,contato0575@example.com,
Contato Importação 0576,contato0576@example.com,
Contato Importação 0577,contato0577@example.com,
Contato Importação 0578,contato0578@example.com,
Contato Importação 0579,contato0579@example.com,
Contato Importação 0580,contato0580@example.com,
Contato Importação 0581,contato0581@example.com,
Contato Importação 0582,contato0582@example.com,
Contato Importação 0583,contato0583@example.com,
Contato Importação 0584,contato0584@example.com,
Contato Importação 0585,contato0585@example.com,
Contato Importação 0586,contato0586@example.com,
Contato Importação 0587,contato0587@example.com,
Contato Importação 0588,contato0588@example.com,
Contato Importação 0589,contato0589@example.com,
Contato Importação 0590,contato0590@example.com,
Contato Importação 0591,contato0591@example.com,
Contato Importação 0592,contato0592@example.com,
Contato Importação 0593,contato0593@example.com,
Contato Importação 0594,contato0594@example.com,
Contato Importação 0595,contato0595@example.com,
Contato Importação 0596,contato0596@example.com,
Contato Importação 0597,contato0597@example.com,
Contato Importação 0598,contato0598@example.com,
Contato Importação 0599,contato0599@example.com,
Contato Importação 0600,contato0600@example.com,
Contato Importação 0601,contato0601@example.com,
Contato Importação 0602,contato0602@example.com,
Contato Importação 0603,contato0603@example.com,
Contato Importação 0604,contato0604@example.com,
Contato Importação 0605,contato0605@example.com,
Contato Importação 0606,contato0606@example.com,
Contato Importação 0607,contato0607@example.com,
Contato Importação 0608,contato0608@example.com,
Contato Importação 0609,contato0609@example.com,
Contato Importação 0610,contato0610@example.com,
Contato Importação 0611,contato0611@example.com,
Contato Importação 0612,contato0612@example.com,
Contato Importação 0613,contato0613@example.com,
Contato Importação 0614,contato0614@example.com,
Contato Importação 0615,contato0615@example.com,
Contato Importação 0616,contato0616@example.com,
Contato Importação 0617,contato0617@example.com,
Contato Importação 0618,contato0618@example.com,
Contato Importação 0619,contato0619@example.com,
Contato Importação 0620,contato0620@example.com,
Contato Importação 0621,contato0621@example.com,
Contato Importação 0622,contato0622@example.com,
Contato Importação 0623,contato0623@example.com,
Contato Importação 0624,contato0624@example.com,
Contato Importação 0625,contato0625@example.com,
Contato Importação 0626,contato0626@example.com,
Contato Importação 0627,contato0627@example.com,
Contato Importação 0628,contato0628@example.com,
Contato Importação 0629,contato0629@example.com,
Contato Importação 0630,contato0630@example.com,
Contato Importação 0631,contato0631@example.com,
Contato Importação 0632,contato0632@example.com,
Contato Importação 0633,contato0633@example.com,
Contato Importação 0634,contato0634@example.com,
Contato Importação 0635,contato0635@example.com,
Contato Importação 0636,contato0636@example.com,
Contato Importação 0637,contato0637@example.com,
Contato Importação 0638,contato0638@example.com,
Contato Importação 0639,contato0639@example.com,
Contato Importação 0640,contato0640@example.com,
Contato Importação 0641,contato0641@example.com,
Contato Importação 0642,contato0642@example.com,
Contato Importação 0643,contato0643@example.com,
Contato Importação 0644,contato0644@example.com,
Contato Importação 0645,contato0645@example.com,
Contato Importação 0646,contato0646@example.com,
Contato Importação 0647,contato0647@example.com,
Contato Importação 0648,contato0648@example.com,
Contato Importação 0649,contato0649@example.com,
Contato Importação 0650,contato0650@example.com,
Contato Importação 0651,contato0651@example.com,
Contato Importação 0652,contato0652@example.com,
Contato Importação 0653,contato0653@example.com,
Contato Importação 0654,contato0654@example.com,
Contato Importação 0655,contato0655@example.com,
Contato Importação 0656,contato0656@example.com,
Contato Importação 0657,contato0657@example.com,
Contato Importação 0658,contato0658@example.com,
Contato Importação 0659,contato0659@example.com,
Contato Importação 0660,contato0660@example.com,
Contato Importação 0661,contato0661@example.com,
Contato Importação 0662,contato0662@example.com,
Contato Importação 0663,contato0663@example.com,
Contato Importação 0664,contato0664@example.com,
Contato Importação 0665,contato0665@example.com,
Contato Importação 0666,contato0666@example.com,
Contato Importação 0667,contato0667@example.com,
Contato Importação 0668,contato0668@example.com,
Contato Importação 0669,contato0669@example.com,
Contato Importação 0670,contato0670@example.com,
Contato Importação 0671,contato0671@example.com,
Contato Importação 0672,contato0672@example.com,
Contato Importação 0673,contato0673@example.com,
Contato Importação 0674,contato0674@example.com,
Contato Importação 0675,contato0675@example.com,
Contato Importação 0676,contato0676@example.com,
Contato Importação 0677,contato0677@example.com,
Contato Importação 0678,contato0678@example.com,
Contato Importação 0679,contato0679@example.com,
Contato Importação 0680,contato0680@example.com,
Contato Importação 0681,contato0681@example.com,
Contato Importação 0682,contato0682@example.com,
Contato Importação 0683,contato0683@example.com,
Contato Importação 0684,contato0684@example.com,
Contato Importação 0685,contato0685@example.com,
Contato Importação 0686,contato0686@example.com,
Contato Importação 0687,contato0687@example.com,
Contato Importação 0688,contato0688@example.com,
Contato Importação 0689,contato0689@example.com,
Contato Importação 0690,contato0690@example.com,
Contato Importação 0691,contato0691@example.com,
Contato Importação 0692,contato0692@example.com,
Contato Importação 0693,contato0693@example.com,
Contato Importação 0694,contato0694@example.com,
Contato Importação 0695,contato0695@example.com,
Contato Importação 0696,contato0696@example.com,
Contato Importação 0697,contato0697@example.com,
Contato Importação 0698,contato0698@example.com,
Contato Importação 0699,contato0699@example.com,
Contato Importação 0700,contato0700@example.com,
Contato Importação 0701,contato0701@example.com,
Contato Importação 0702,contato0702@example.com,
Contato Importação 0703,contato0703@example.com,
Contato Importação 0704,contato0704@example.com,
Contato Importação 0705,contato0705@example.com,
Contato Importação 0706,contato0706@example.com,
Contato Importação 0707,contato0707@example.com,
Contato Importação 0708,contato0708@example.com,
Contato Importação 0709,contato0709@example.com,
Contato Importação 0710,contato0710@example.com,
Contato Importação 0711,contato0711@example.com,
Contato Importação 0712,contato0712@example.com,
Contato Importação 0713,contato0713@example.com,
Contato Importação 0714,contato0714@example.com,
Contato Importação 0715,contato0715@example.com,
Contato Importação 0716,contato0716@example.com,
Contato Importação 0717,contato0717@example.com,
Contato Importação 0718,contato0718@example.com,
Contato Importação 0719,contato0719@example.com,
Contato Importação 0720,contato0720@example.com,
Contato Importação 0721,contato0721@example.com,
Contato Importação 0722,contato0722@example.com,
Contato Importação 0723,contato0723@example.com,
Contato Importação 0724,contato0724@example.com,
Contato Importação 0725,contato0725@example.com,
Contato Importação 0726,contato0726@example.com,
Contato Importação 0727,contato0727@example.com,
Contato Importação 0728,contato0728@example.com,
Contato Importação 0729,contato0729@example.com,
Contato Importação 0730,contato0730@example.com,
Contato Importação 0731,contato0731@example.com,
Contato Importação 0732,contato0732@example.com,
Contato Importação 0733,contato0733@example.com,
Contato Importação 0734,contato0734@example.com,
Contato Importação 0735,contato0735@example.com,
Contato Importação 0736,contato0736@example.com,
Contato Importação 0737,contato0737@example.com,
Contato Importação 0738,contato0738@example.com,
Contato Importação 0739,contato0739@example.com,
Contato Importação 0740,contato0740@example.com,
Contato Importação 0741,contato0741@example.com,
Contato Importação 0742,contato0742@example.com,
Contato Importação 0743,contato0743@example.com,
Contato Importação 0744,contato0744@example.com,
Contato Importação 0745,contato0745@example.com,
Contato Importação 0746,contato0746@example.com,
Contato Importação 0747,contato0747@example.com,
Contato Importação 0748,contato0748@example.com,
Contato Importação 0749,contato0749@example.com,
Contato Importação 0750,contato0750@example.com,
Contato Importação 0751,contato0751@example.com,
Contato Importação 0752,contato0752@example.com,
Contato Importação 0753,contato0753@example.com,
Contato Importação 0754,contato0754@example.com,
Contato Importação 0755,contato0755@example.com,
Contato Importação 0756,contato0756@example.com,
Contato Importação 0757,contato0757@example.com,
Contato Importação 0758,contato0758@example.com,
Contato Importação 0759,contato0759@example.com,
Contato Importação 0760,contato0760@example.com,
Contato Importação 0761,contato0761@example.com,
Contato Importação 0762,contato0762@example.com,
Contato Importação 0763,contato0763@example.com,
Contato Importação 0764,contato0764@example.com,
Contato Importação 0765,contato0765@example.com,
Contato Importação 0766,contato0766@example.com,
Contato Importação 0767,contato0767@example.com,
Contato Importação 0768,contato0768@example.com,
Contato Importação 0769,contato0769@example.com,
Contato Importação 0770,contato0770@example.com,
Contato Importação 0771,contato0771@example.com,
Contato Importação 0772,contato0772@example.com,
Contato Importação 0773,contato0773@example.com,
Contato Importação 0774,contato0774@example.com,
Contato Importação 0775,contato0775@example.com,
Contato Importação 0776,contato0776@example.com,
Contato Importação 0777,contato0777@example.com,
Contato Importação 0778,contato0778@example.com,
Contato Importação 0779,contato0779@example.com,
Contato Importação 0780,contato0780@example.com,
Contato Importação 0781,contato0781@example.com,
Contato Importação 0782,contato0782@example.com,
Contato Importação 0783,contato0783@example.com,
Contato Importação 0784,contato0784@example.com,
Contato Importação 0785,contato0785@example.com,
Contato Importação 0786,contato0786@example.com,
Contato Importação 0787,contato0787@example.com,
Contato Importação 0788,contato0788@example.com,
Contato Importação 0789,contato0789@example.com,
Contato Importação 0790,contato0790@example.com,
Contato Importação 0791,contato0791@example.com,
Contato Importação 0792,contato0792@example.com,
Contato Importação 0793,contato0793@example.com,
Contato Importação 0794,contato0794@example.com,
Contato Importação 0795,contato0795@example.com,
Contato Importação 0796,contato0796@example.com,
Contato Importação 0797,contato0797@example.com,
Contato Importação 0798,contato0798@example.com,
Contato Importação 0799,contato0799@example.com,
Contato Importação 0800,contato0800@example.com,
Contato Importação 0801,contato0801@example.com,
Contato Importação 0802,contato0802@example.com,
Contato Importação 0803,contato0803@example.com,
Contato Importação 0804,contato0804@example.com,
Contato Importação 0805,contato0805@example.com,
Contato Importação 0806,contato0806@example.com,
Contato Importação 0807,contato0807@example.com,
Contato Importação 0808,contato0808@example.com,
Contato Importação 0809,contato0809@example.com,
Contato Importação 0810,contato0810@example.com,
Contato Importação 0811,contato0811@example.com,
Contato Importação 0812,contato0812@example.com,
Contato Importação 0813,contato0813@example.com,
Contato Importação 0814,contato0814@example.com,
Contato Importação 0815,contato0815@example.com,
Contato Importação 0816,contato0816@example.com,
Contato Importação 0817,contato0817@example.com,
Contato Importação 0818,contato0818@example.com,
Contato Importação 0819,contato0819@example.com,
Contato Importação 0820,contato0820@example.com,
Contato Importação 0821,contato0821@example.com,
Contato Importação 0822,contato0822@example.com,
Contato Importação 0823,contato0823@example.com,
Contato Importação 0824,contato0824@example.com,
Contato Importação 0825,contato0825@example.com,
Contato Importação 0826,contato0826@example.com,
Contato Importação 0827,contato0827@example.com,
Contato Importação 0828,contato0828@example.com,
Contato Importação 0829,contato0829@example.com,
Contato Importação 0830,contato0830@example.com,
Contato Importação 0831,contato0831@example.com,
Contato Importação 0832,contato0832@example.com,
Contato Importação 0833,contato0833@example.com,
Contato Importação 0834,contato0834@example.com,
Contato Importação 0835,contato0835@example.com,
Contato Importação 0836,contato0836@example.com,
Contato Importação 0837,contato0837@example.com,
Contato Importação 0838,contato0838@example.com,
Contato Importação 0839,contato0839@example.com,
Contato Importação 0840,contato0840@example.com,
Contato Importação 0841,contato0841@example.com,
Contato Importação 0842,contato0842@example.com,
Contato Importação 0843,contato0843@example.com,
Contato Importação 0844,contato0844@example.com,
Contato Importação 0845,contato0845@example.com,
Contato Importação 0846,contato0846@example.com,
Contato Importação 0847,contato0847@example.com,
Contato Importação 0848,contato0848@example.com,
Contato Importação 0849,contato0849@example.com,
Contato Importação 0850,contato0850@example.com,
Contato Importação 0851,contato0851@example.com,
Contato Importação 0852,contato0852@example.com,
Contato Importação 0853,contato0853@example.com,
Contato Importação 0854,contato0854@example.com,
Contato Importação 0855,contato0855@example.com,
Contato Importação 0856,contato0856@example.com,
Contato Importação 0857,contato0857@example.com,
Contato Importação 0858,contato0858@example.com,
Contato Importação 0859,contato0859@example.com,
Contato Importação 0860,contato0860@example.com,
Contato Importação 0861,contato0861@example.com,
Contato Importação 0862,contato0862@example.com,
Contato Importação 0863,contato0863@example.com,
Contato Importação 0864,contato0864@example.com,
Contato Importação 0865,contato0865@example.com,
Contato Importação 0866,contato0866@example.com,
Contato Importação 0867,contato0867@example.com,
Contato Importação 0868,contato0868@example.com,
Contato Importação 0869,contato0869@example.com,
Contato Importação 0870,contato0870@example.com,
Contato Importação 0871,contato0871@example.com,
Contato Importação 0872,contato0872@example.com,
Contato Importação 0873,contato0873@example.com,
Contato Importação 0874,contato0874@example.com,
Contato Importação 0875,contato0875@example.com,
Contato Importação 0876,contato0876@example.com,
Contato Importação 0877,contato0877@example.com,
Contato Importação 0878,contato0878@example.com,
Contato Importação 0879,contato0879@example.com,
Contato Importação 0880,contato0880@example.com,
Contato Importação 0881,contato0881@example.com,
Contato Importação 0882,contato0882@example.com,
Contato Importação 0883,contato0883@example.com,
Contato Importação 0884,contato0884@example.com,
Contato Importação 0885,contato0885@example.com,
Contato Importação 0886,contato0886@example.com,
Contato Importação 0887,contato0887@example.com,
Contato Importação 0888,contato0888@example.com,
Contato Importação 0889,contato0889@example.com,
Contato Importação 0890,contato0890@example.com,
Contato Importação 0891,contato0891@example.com,
Contato Importação 0892,contato0892@example.com,
Contato Importação 0893,contato0893@example.com,
Contato Importação 0894,contato0894@example.com,
Contato Importação 0895,contato0895@example.com,
Contato Importação 0896,contato0896@example.com,
Contato Importação 0897,contato0897@example.com,
Contato Importação 0898,contato0898@example.com,
Contato Importação 0899,contato0899@example.com,
Contato Importação 0900,contato0900@example.com,
Contato Importação 0901,contato0901@example.com,
Contato Importação 0902,contato0902@example.com,
Contato Importação 0903,contato0903@example.com,
Contato Importação 0904,contato0904@example.com,
Contato Importação 0905,contato0905@example.com,
Contato Importação 0906,contato0906@example.com,
Contato Importação 0907,contato0907@example.com,
Contato Importação 0908,contato0908@example.com,
Contato Importação 0909,contato0909@example.com,
Contato Importação 0910,contato0910@example.com,
Contato Importação 0911,contato0911@example.com,
Contato Importação 0912,contato0912@example.com,
Contato Importação 0913,contato0913@example.com,
Contato Importação 0914,contato0914@example.com,
Contato Importação 0915,contato0915@example.com,
Contato Importação 0916,contato0916@example.com,
Contato Importação 0917,contato0917@example.com,
Contato Importação 0918,contato0918@example.com,
Contato Importação 0919,contato0919@example.com,
Contato Importação 0920,contato0920@example.com,
Contato Importação 0921,contato0921@example.com,
Contato Importação 0922,contato0922@example.com,
Contato Importação 0923,contato0923@example.com,
Contato Importação 0924,contato0924@example.com,
Contato Importação 0925,contato0925@example.com,
Contato Importação 0926,contato0926@example.com,
Contato Importação 0927,contato0927@example.com,
Contato Importação 0928,contato0928@example.com,
Contato Importação 0929,contato0929@example.com,
Contato Importação 0930,contato0930@example.com,
Contato Importação 0931,contato0931@example.com,
Contato Importação 0932,contato0932@example.com,
Contato Importação 0933,contato0933@example.com,
Contato Importação 0934,contato0934@example.com,
Contato Importação 0935,contato0935@example.com,
Contato Importação 0936,contato0936@example.com,
Contato Importação 0937,contato0937@example.com,
Contato Importação 0938,contato0938@example.com,
Contato Importação 0939,contato0939@example.com,
Contato Importação 0940,contato0940@example.com,
Contato Importação 0941,contato0941@example.com,
Contato Importação 0942,contato0942@example.com,
Contato Importação 0943,contato0943@example.com,
Contato Importação 0944,contato0944@example.com,
Contato Importação 0945,contato0945@example.com,
Contato Importação 0946,contato0946@example.com,
Contato Importação 0947,contato0947@example.com,
Contato Importação 0948,contato0948@example.com,
Contato Importação 0949,contato0949@example.com,
Contato Importação 0950,contato0950@example.com,
Contato Importação 0951,contato0951@example.com,
Contato Importação 0952,contato0952@example.com,
Contato Importação 0953,contato0953@example.com,
Contato Importação 0954,contato0954@example.com,
Contato Importação 0955,contato0955@example.com,
Contato Importação 0956,contato0956@example.com,
Contato Importação 0957,contato0957@example.com,
Contato Importação 0958,contato0958@example.com,
Contato Importação 0959,contato0959@example.com,
Contato Importação 0960,contato0960@example.com,
Contato Importação 0961,contato0961@example.com,
Contato Importação 0962,contato0962@example.com,
Contato Importação 0963,contato0963@example.com,
Contato Importação 0964,contato0964@example.com,
Contato Importação 0965,contato0965@example.com,
Contato Importação 0966,contato0966@example.com,
Contato Importação 0967,contato0967@example.com,
Contato Importação 0968,contato0968@example.com,
Contato Importação 0969,contato0969@example.com,
Contato Importação 0970,contato0970@example.com,
Contato Importação 0971,contato0971@example.com,
Contato Importação 0972,contato0972@example.com,
Contato Importação 0973,contato0973@example.com,
Contato Importação 0974,contato0974@example.com,
Contato Importação 0975,contato0975@example.com,
Contato Importação 0976,contato0976@example.com,
Contato Importação 0977,contato0977@example.com,
Contato Importação 0978,contato0978@example.com,
Contato Importação 0979,contato0979@example.com,
Contato Importação 0980,contato0980@example.com,
Contato Importação 0981,contato0981@example.com,
Contato Importação 0982,contato0982@example.com,
Contato Importação 0983,contato0983@example.com,
Contato Importação 0984,contato0984@example.com,
Contato Importação 0985,contato0985@example.com,
Contato Importação 0986,contato0986@example.com,
Contato Importação 0987,contato0987@example.com,
Contato Importação 0988,contato0988@example.com,
Contato Importação 0989,contato0989@example.com,
Contato Importação 0990,contato0990@example.com,
Contato Importação 0991,contato0991@example.com,
Contato Importação 0992,contato0992@example.com,
Contato Importação 0993,contato0993@example.com,
Contato Importação 0994,contato0994@example.com,
Contato Importação 0995,contato0995@example.com,
Contato Importação 0996,contato0996@example.com,
Contato Importação 0997,contato0997@example.com,
Contato Importação 0998,contato0998@example.com,
Contato Importação 0999,contato0999@example.com,
Contato Importação 1000,contato1000@example.com,
